-- phpMyAdmin SQL Dump
-- version 5.2.1
-- https://www.phpmyadmin.net/
--
-- Host: 127.0.0.1
-- Generation Time: Aug 31, 2025 at 03:37 PM
-- Server version: 10.4.32-MariaDB
-- PHP Version: 8.0.30

SET SQL_MODE = "NO_AUTO_VALUE_ON_ZERO";
START TRANSACTION;
SET time_zone = "+00:00";


/*!40101 SET @OLD_CHARACTER_SET_CLIENT=@@CHARACTER_SET_CLIENT */;
/*!40101 SET @OLD_CHARACTER_SET_RESULTS=@@CHARACTER_SET_RESULTS */;
/*!40101 SET @OLD_COLLATION_CONNECTION=@@COLLATION_CONNECTION */;
/*!40101 SET NAMES utf8mb4 */;

--
-- Database: `computer_center_db1`
--

-- --------------------------------------------------------

--
-- Table structure for table `activity_log`
--

CREATE TABLE `activity_log` (
  `id` int(11) NOT NULL,
  `user_id` int(11) NOT NULL,
  `activity` text NOT NULL,
  `ip_address` varchar(45) NOT NULL,
  `user_agent` text DEFAULT NULL,
  `created_at` timestamp NOT NULL DEFAULT current_timestamp()
) ENGINE=InnoDB DEFAULT CHARSET=utf8mb4 COLLATE=utf8mb4_general_ci;

--
-- Dumping data for table `activity_log`
--

INSERT INTO `activity_log` (`id`, `user_id`, `activity`, `ip_address`, `user_agent`, `created_at`) VALUES
(1, 1, 'User logged in', '::1', 'Mozilla/5.0 (Windows NT 10.0; Win64; x64) AppleWebKit/537.36 (KHTML, like Gecko) Chrome/139.0.0.0 Safari/537.36', '2025-08-25 17:57:18'),
(2, 1, 'Accessed dashboard', '::1', 'Mozilla/5.0 (Windows NT 10.0; Win64; x64) AppleWebKit/537.36 (KHTML, like Gecko) Chrome/139.0.0.0 Safari/537.36', '2025-08-25 17:57:18'),
(3, 1, 'Accessed dashboard', '::1', 'Mozilla/5.0 (Windows NT 10.0; Win64; x64) AppleWebKit/537.36 (KHTML, like Gecko) Chrome/139.0.0.0 Safari/537.36', '2025-08-25 17:58:17'),
(4, 1, 'Accessed dashboard', '::1', 'Mozilla/5.0 (Windows NT 10.0; Win64; x64) AppleWebKit/537.36 (KHTML, like Gecko) Chrome/139.0.0.0 Safari/537.36', '2025-08-25 17:58:17'),
(5, 1, 'User logged out', '::1', 'Mozilla/5.0 (Windows NT 10.0; Win64; x64) AppleWebKit/537.36 (KHTML, like Gecko) Chrome/139.0.0.0 Safari/537.36', '2025-08-25 17:58:19'),
(6, 1, 'User logged in', '::1', 'Mozilla/5.0 (Windows NT 10.0; Win64; x64) AppleWebKit/537.36 (KHTML, like Gecko) Chrome/139.0.0.0 Safari/537.36', '2025-08-25 17:58:30'),
(7, 1, 'Accessed dashboard', '::1', 'Mozilla/5.0 (Windows NT 10.0; Win64; x64) AppleWebKit/537.36 (KHTML, like Gecko) Chrome/139.0.0.0 Safari/537.36', '2025-08-25 17:58:30'),
(8, 1, 'Accessed dashboard', '::1', 'Mozilla/5.0 (iPhone; CPU iPhone OS 15_0 like Mac OS X) AppleWebKit/603.1.30 (KHTML, like Gecko) Version/17.5 Mobile/15A5370a Safari/602.1', '2025-08-25 17:58:33'),
(9, 1, 'Accessed dashboard', '::1', 'Mozilla/5.0 (Windows NT 10.0; Win64; x64) AppleWebKit/537.36 (KHTML, like Gecko) Chrome/139.0.0.0 Safari/537.36', '2025-08-25 17:58:39'),
(10, 1, 'User logged out', '::1', 'Mozilla/5.0 (Windows NT 10.0; Win64; x64) AppleWebKit/537.36 (KHTML, like Gecko) Chrome/139.0.0.0 Safari/537.36', '2025-08-26 04:15:40'),
(11, 1, 'User logged in', '::1', 'Mozilla/5.0 (Windows NT 10.0; Win64; x64) AppleWebKit/537.36 (KHTML, like Gecko) Chrome/139.0.0.0 Safari/537.36', '2025-08-26 04:16:05'),
(12, 1, 'Accessed dashboard', '::1', 'Mozilla/5.0 (Windows NT 10.0; Win64; x64) AppleWebKit/537.36 (KHTML, like Gecko) Chrome/139.0.0.0 Safari/537.36', '2025-08-26 04:16:06'),
(13, 1, 'User logged in', '::1', 'Mozilla/5.0 (Windows NT 10.0; Win64; x64) AppleWebKit/537.36 (KHTML, like Gecko) Chrome/139.0.0.0 Safari/537.36', '2025-08-26 05:39:14'),
(14, 1, 'Accessed dashboard', '::1', 'Mozilla/5.0 (Windows NT 10.0; Win64; x64) AppleWebKit/537.36 (KHTML, like Gecko) Chrome/139.0.0.0 Safari/537.36', '2025-08-26 05:39:14'),
(15, 1, 'Accessed dashboard', '::1', 'Mozilla/5.0 (Windows NT 10.0; Win64; x64) AppleWebKit/537.36 (KHTML, like Gecko) Chrome/139.0.0.0 Safari/537.36', '2025-08-26 05:39:56'),
(16, 1, 'Accessed dashboard', '::1', 'Mozilla/5.0 (Windows NT 10.0; Win64; x64) AppleWebKit/537.36 (KHTML, like Gecko) Chrome/139.0.0.0 Safari/537.36', '2025-08-26 05:40:05'),
(17, 1, 'Accessed dashboard', '::1', 'Mozilla/5.0 (Windows NT 10.0; Win64; x64) AppleWebKit/537.36 (KHTML, like Gecko) Chrome/139.0.0.0 Safari/537.36', '2025-08-26 05:40:06'),
(18, 1, 'Accessed dashboard', '::1', 'Mozilla/5.0 (Windows NT 10.0; Win64; x64) AppleWebKit/537.36 (KHTML, like Gecko) Chrome/139.0.0.0 Safari/537.36', '2025-08-26 05:40:06'),
(19, 1, 'Accessed dashboard', '::1', 'Mozilla/5.0 (Windows NT 10.0; Win64; x64) AppleWebKit/537.36 (KHTML, like Gecko) Chrome/139.0.0.0 Safari/537.36', '2025-08-26 05:40:07'),
(20, 1, 'Accessed dashboard', '::1', 'Mozilla/5.0 (Windows NT 10.0; Win64; x64) AppleWebKit/537.36 (KHTML, like Gecko) Chrome/139.0.0.0 Safari/537.36', '2025-08-26 05:41:03'),
(21, 1, 'Accessed dashboard', '::1', 'Mozilla/5.0 (Windows NT 10.0; Win64; x64) AppleWebKit/537.36 (KHTML, like Gecko) Chrome/139.0.0.0 Safari/537.36', '2025-08-26 05:41:36'),
(22, 1, 'Accessed dashboard', '::1', 'Mozilla/5.0 (Windows NT 10.0; Win64; x64) AppleWebKit/537.36 (KHTML, like Gecko) Chrome/139.0.0.0 Safari/537.36', '2025-08-26 05:42:07'),
(23, 1, 'Accessed dashboard', '::1', 'Mozilla/5.0 (Windows NT 10.0; Win64; x64) AppleWebKit/537.36 (KHTML, like Gecko) Chrome/139.0.0.0 Safari/537.36', '2025-08-26 05:43:09'),
(24, 1, 'Accessed dashboard', '::1', 'Mozilla/5.0 (Windows NT 10.0; Win64; x64) AppleWebKit/537.36 (KHTML, like Gecko) Chrome/139.0.0.0 Safari/537.36', '2025-08-26 05:44:30'),
(25, 1, 'Accessed dashboard', '::1', 'Mozilla/5.0 (Windows NT 10.0; Win64; x64) AppleWebKit/537.36 (KHTML, like Gecko) Chrome/139.0.0.0 Safari/537.36', '2025-08-26 05:48:16'),
(26, 1, 'Accessed dashboard', '::1', 'Mozilla/5.0 (Windows NT 10.0; Win64; x64) AppleWebKit/537.36 (KHTML, like Gecko) Chrome/139.0.0.0 Safari/537.36', '2025-08-26 05:49:11'),
(27, 1, 'User logged out', '::1', 'Mozilla/5.0 (Windows NT 10.0; Win64; x64) AppleWebKit/537.36 (KHTML, like Gecko) Chrome/139.0.0.0 Safari/537.36', '2025-08-26 08:52:07'),
(28, 1, 'User logged in', '::1', 'Mozilla/5.0 (Windows NT 10.0; Win64; x64) AppleWebKit/537.36 (KHTML, like Gecko) Chrome/139.0.0.0 Safari/537.36', '2025-08-26 08:52:22'),
(29, 1, 'Accessed dashboard', '::1', 'Mozilla/5.0 (Windows NT 10.0; Win64; x64) AppleWebKit/537.36 (KHTML, like Gecko) Chrome/139.0.0.0 Safari/537.36', '2025-08-26 08:52:22'),
(30, 1, 'Accessed dashboard', '::1', 'Mozilla/5.0 (Windows NT 10.0; Win64; x64) AppleWebKit/537.36 (KHTML, like Gecko) Chrome/139.0.0.0 Safari/537.36', '2025-08-26 08:52:59'),
(31, 1, 'User logged out', '::1', 'Mozilla/5.0 (Windows NT 10.0; Win64; x64) AppleWebKit/537.36 (KHTML, like Gecko) Chrome/139.0.0.0 Safari/537.36', '2025-08-26 10:14:05'),
(32, 1, 'User logged in', '::1', 'Mozilla/5.0 (Windows NT 10.0; Win64; x64) AppleWebKit/537.36 (KHTML, like Gecko) Chrome/139.0.0.0 Safari/537.36', '2025-08-26 10:14:16'),
(33, 1, 'Accessed dashboard', '::1', 'Mozilla/5.0 (Windows NT 10.0; Win64; x64) AppleWebKit/537.36 (KHTML, like Gecko) Chrome/139.0.0.0 Safari/537.36', '2025-08-26 10:14:16'),
(34, 1, 'Accessed dashboard', '::1', 'Mozilla/5.0 (Windows NT 10.0; Win64; x64) AppleWebKit/537.36 (KHTML, like Gecko) Chrome/139.0.0.0 Safari/537.36', '2025-08-26 10:20:13'),
(35, 1, 'Accessed dashboard', '::1', 'Mozilla/5.0 (Windows NT 10.0; Win64; x64) AppleWebKit/537.36 (KHTML, like Gecko) Chrome/139.0.0.0 Safari/537.36', '2025-08-26 10:23:05'),
(36, 1, 'Accessed dashboard', '::1', 'Mozilla/5.0 (Windows NT 10.0; Win64; x64) AppleWebKit/537.36 (KHTML, like Gecko) Chrome/139.0.0.0 Safari/537.36', '2025-08-26 10:25:19'),
(37, 1, 'Accessed dashboard', '::1', 'Mozilla/5.0 (Windows NT 10.0; Win64; x64) AppleWebKit/537.36 (KHTML, like Gecko) Chrome/139.0.0.0 Safari/537.36', '2025-08-26 10:27:40'),
(38, 1, 'Accessed dashboard', '::1', 'Mozilla/5.0 (Windows NT 10.0; Win64; x64) AppleWebKit/537.36 (KHTML, like Gecko) Chrome/139.0.0.0 Safari/537.36', '2025-08-26 10:29:46'),
(39, 1, 'Accessed dashboard', '::1', 'Mozilla/5.0 (Windows NT 10.0; Win64; x64) AppleWebKit/537.36 (KHTML, like Gecko) Chrome/139.0.0.0 Safari/537.36', '2025-08-26 10:30:29'),
(40, 1, 'Accessed dashboard', '::1', 'Mozilla/5.0 (Windows NT 10.0; Win64; x64) AppleWebKit/537.36 (KHTML, like Gecko) Chrome/139.0.0.0 Safari/537.36', '2025-08-26 10:31:33'),
(41, 1, 'Accessed dashboard', '::1', 'Mozilla/5.0 (Windows NT 10.0; Win64; x64) AppleWebKit/537.36 (KHTML, like Gecko) Chrome/139.0.0.0 Safari/537.36', '2025-08-26 10:33:31'),
(42, 1, 'Accessed dashboard', '::1', 'Mozilla/5.0 (Windows NT 10.0; Win64; x64) AppleWebKit/537.36 (KHTML, like Gecko) Chrome/139.0.0.0 Safari/537.36', '2025-08-26 10:33:43'),
(43, 1, 'Accessed dashboard', '::1', 'Mozilla/5.0 (Windows NT 10.0; Win64; x64) AppleWebKit/537.36 (KHTML, like Gecko) Chrome/139.0.0.0 Safari/537.36', '2025-08-26 10:34:08'),
(44, 1, 'Accessed dashboard', '::1', 'Mozilla/5.0 (Windows NT 10.0; Win64; x64) AppleWebKit/537.36 (KHTML, like Gecko) Chrome/139.0.0.0 Safari/537.36', '2025-08-26 10:36:48'),
(45, 1, 'User logged out', '::1', 'Mozilla/5.0 (Windows NT 10.0; Win64; x64) AppleWebKit/537.36 (KHTML, like Gecko) Chrome/139.0.0.0 Safari/537.36', '2025-08-26 11:08:46'),
(46, 1, 'User logged in', '::1', 'Mozilla/5.0 (Windows NT 10.0; Win64; x64) AppleWebKit/537.36 (KHTML, like Gecko) Chrome/139.0.0.0 Safari/537.36', '2025-08-26 11:09:32'),
(47, 1, 'Accessed dashboard', '::1', 'Mozilla/5.0 (Windows NT 10.0; Win64; x64) AppleWebKit/537.36 (KHTML, like Gecko) Chrome/139.0.0.0 Safari/537.36', '2025-08-26 11:09:32'),
(48, 1, 'Accessed dashboard', '::1', 'Mozilla/5.0 (Windows NT 10.0; Win64; x64) AppleWebKit/537.36 (KHTML, like Gecko) Chrome/139.0.0.0 Safari/537.36', '2025-08-26 11:10:19'),
(49, 1, 'Accessed dashboard', '::1', 'Mozilla/5.0 (Windows NT 10.0; Win64; x64) AppleWebKit/537.36 (KHTML, like Gecko) Chrome/139.0.0.0 Safari/537.36', '2025-08-26 11:11:04'),
(50, 1, 'Accessed dashboard', '::1', 'Mozilla/5.0 (Windows NT 10.0; Win64; x64) AppleWebKit/537.36 (KHTML, like Gecko) Chrome/139.0.0.0 Safari/537.36', '2025-08-26 11:11:32'),
(51, 1, 'Accessed dashboard', '::1', 'Mozilla/5.0 (Windows NT 10.0; Win64; x64) AppleWebKit/537.36 (KHTML, like Gecko) Chrome/139.0.0.0 Safari/537.36', '2025-08-26 11:12:06'),
(52, 1, 'Accessed dashboard', '::1', 'Mozilla/5.0 (Windows NT 10.0; Win64; x64) AppleWebKit/537.36 (KHTML, like Gecko) Chrome/139.0.0.0 Safari/537.36', '2025-08-26 11:12:37'),
(53, 1, 'User logged in', '::1', 'Mozilla/5.0 (Windows NT 10.0; Win64; x64) AppleWebKit/537.36 (KHTML, like Gecko) Chrome/139.0.0.0 Safari/537.36', '2025-08-27 04:38:17'),
(54, 1, 'Accessed dashboard', '::1', 'Mozilla/5.0 (Windows NT 10.0; Win64; x64) AppleWebKit/537.36 (KHTML, like Gecko) Chrome/139.0.0.0 Safari/537.36', '2025-08-27 04:38:17'),
(55, 1, 'Accessed dashboard', '::1', 'Mozilla/5.0 (Windows NT 10.0; Win64; x64) AppleWebKit/537.36 (KHTML, like Gecko) Chrome/139.0.0.0 Safari/537.36', '2025-08-27 04:39:35'),
(56, 1, 'Accessed dashboard', '::1', 'Mozilla/5.0 (Windows NT 10.0; Win64; x64) AppleWebKit/537.36 (KHTML, like Gecko) Chrome/139.0.0.0 Safari/537.36', '2025-08-27 04:40:35'),
(57, 1, 'Accessed dashboard', '::1', 'Mozilla/5.0 (Windows NT 10.0; Win64; x64) AppleWebKit/537.36 (KHTML, like Gecko) Chrome/139.0.0.0 Safari/537.36', '2025-08-27 04:40:40'),
(58, 1, 'Accessed dashboard', '::1', 'Mozilla/5.0 (Windows NT 10.0; Win64; x64) AppleWebKit/537.36 (KHTML, like Gecko) Chrome/139.0.0.0 Safari/537.36', '2025-08-27 04:40:51'),
(59, 1, 'Accessed dashboard', '::1', 'Mozilla/5.0 (Windows NT 10.0; Win64; x64) AppleWebKit/537.36 (KHTML, like Gecko) Chrome/139.0.0.0 Safari/537.36', '2025-08-27 04:41:21'),
(60, 1, 'Accessed dashboard', '::1', 'Mozilla/5.0 (Windows NT 10.0; Win64; x64) AppleWebKit/537.36 (KHTML, like Gecko) Chrome/139.0.0.0 Safari/537.36', '2025-08-27 04:41:39'),
(61, 1, 'Accessed dashboard', '::1', 'Mozilla/5.0 (Windows NT 10.0; Win64; x64) AppleWebKit/537.36 (KHTML, like Gecko) Chrome/139.0.0.0 Safari/537.36', '2025-08-27 04:44:34'),
(62, 1, 'Accessed dashboard', '::1', 'Mozilla/5.0 (Windows NT 10.0; Win64; x64) AppleWebKit/537.36 (KHTML, like Gecko) Chrome/139.0.0.0 Safari/537.36', '2025-08-27 04:45:03'),
(63, 1, 'Accessed dashboard', '::1', 'Mozilla/5.0 (Windows NT 10.0; Win64; x64) AppleWebKit/537.36 (KHTML, like Gecko) Chrome/139.0.0.0 Safari/537.36', '2025-08-27 04:46:53'),
(64, 1, 'Accessed dashboard', '::1', 'Mozilla/5.0 (Windows NT 10.0; Win64; x64) AppleWebKit/537.36 (KHTML, like Gecko) Chrome/139.0.0.0 Safari/537.36', '2025-08-27 04:47:22'),
(65, 1, 'Accessed dashboard', '::1', 'Mozilla/5.0 (Windows NT 10.0; Win64; x64) AppleWebKit/537.36 (KHTML, like Gecko) Chrome/139.0.0.0 Safari/537.36', '2025-08-27 04:47:50'),
(66, 1, 'Accessed dashboard', '::1', 'Mozilla/5.0 (Windows NT 10.0; Win64; x64) AppleWebKit/537.36 (KHTML, like Gecko) Chrome/139.0.0.0 Safari/537.36', '2025-08-27 04:48:27'),
(67, 1, 'Accessed dashboard', '::1', 'Mozilla/5.0 (Windows NT 10.0; Win64; x64) AppleWebKit/537.36 (KHTML, like Gecko) Chrome/139.0.0.0 Safari/537.36', '2025-08-27 04:48:44'),
(68, 1, 'Accessed dashboard', '::1', 'Mozilla/5.0 (Windows NT 10.0; Win64; x64) AppleWebKit/537.36 (KHTML, like Gecko) Chrome/139.0.0.0 Safari/537.36', '2025-08-27 04:49:48'),
(69, 1, 'Accessed dashboard', '::1', 'Mozilla/5.0 (Windows NT 10.0; Win64; x64) AppleWebKit/537.36 (KHTML, like Gecko) Chrome/139.0.0.0 Safari/537.36', '2025-08-27 04:49:57'),
(70, 1, 'Accessed dashboard', '::1', 'Mozilla/5.0 (Windows NT 10.0; Win64; x64) AppleWebKit/537.36 (KHTML, like Gecko) Chrome/139.0.0.0 Safari/537.36', '2025-08-27 04:51:20'),
(71, 1, 'Accessed dashboard', '::1', 'Mozilla/5.0 (Windows NT 10.0; Win64; x64) AppleWebKit/537.36 (KHTML, like Gecko) Chrome/139.0.0.0 Safari/537.36', '2025-08-27 04:51:49'),
(72, 1, 'Accessed dashboard', '::1', 'Mozilla/5.0 (Windows NT 10.0; Win64; x64) AppleWebKit/537.36 (KHTML, like Gecko) Chrome/139.0.0.0 Safari/537.36', '2025-08-27 04:52:51'),
(73, 1, 'Accessed dashboard', '::1', 'Mozilla/5.0 (Windows NT 10.0; Win64; x64) AppleWebKit/537.36 (KHTML, like Gecko) Chrome/139.0.0.0 Safari/537.36', '2025-08-27 04:53:42'),
(74, 1, 'Accessed dashboard', '::1', 'Mozilla/5.0 (Windows NT 10.0; Win64; x64) AppleWebKit/537.36 (KHTML, like Gecko) Chrome/139.0.0.0 Safari/537.36', '2025-08-27 04:56:21'),
(75, 1, 'Accessed dashboard', '::1', 'Mozilla/5.0 (Windows NT 10.0; Win64; x64) AppleWebKit/537.36 (KHTML, like Gecko) Chrome/139.0.0.0 Safari/537.36', '2025-08-27 04:56:38'),
(76, 1, 'Accessed dashboard', '::1', 'Mozilla/5.0 (Windows NT 10.0; Win64; x64) AppleWebKit/537.36 (KHTML, like Gecko) Chrome/139.0.0.0 Safari/537.36', '2025-08-27 04:56:43'),
(77, 1, 'Accessed dashboard', '::1', 'Mozilla/5.0 (Windows NT 10.0; Win64; x64) AppleWebKit/537.36 (KHTML, like Gecko) Chrome/139.0.0.0 Safari/537.36', '2025-08-27 05:12:25'),
(78, 1, 'Accessed dashboard', '::1', 'Mozilla/5.0 (Windows NT 10.0; Win64; x64) AppleWebKit/537.36 (KHTML, like Gecko) Chrome/139.0.0.0 Safari/537.36', '2025-08-27 05:15:53'),
(79, 1, 'User logged out', '::1', 'Mozilla/5.0 (Windows NT 10.0; Win64; x64) AppleWebKit/537.36 (KHTML, like Gecko) Chrome/139.0.0.0 Safari/537.36', '2025-08-27 08:28:22'),
(80, 1, 'User logged in', '::1', 'Mozilla/5.0 (Windows NT 10.0; Win64; x64) AppleWebKit/537.36 (KHTML, like Gecko) Chrome/139.0.0.0 Safari/537.36', '2025-08-27 08:29:36'),
(81, 1, 'Accessed dashboard', '::1', 'Mozilla/5.0 (Windows NT 10.0; Win64; x64) AppleWebKit/537.36 (KHTML, like Gecko) Chrome/139.0.0.0 Safari/537.36', '2025-08-27 08:29:36'),
(82, 1, 'Accessed dashboard', '::1', 'Mozilla/5.0 (Windows NT 10.0; Win64; x64) AppleWebKit/537.36 (KHTML, like Gecko) Chrome/139.0.0.0 Safari/537.36', '2025-08-27 08:31:15'),
(83, 1, 'Accessed dashboard', '::1', 'Mozilla/5.0 (Windows NT 10.0; Win64; x64) AppleWebKit/537.36 (KHTML, like Gecko) Chrome/139.0.0.0 Safari/537.36', '2025-08-27 08:31:51'),
(84, 1, 'Accessed dashboard', '::1', 'Mozilla/5.0 (Windows NT 10.0; Win64; x64) AppleWebKit/537.36 (KHTML, like Gecko) Chrome/139.0.0.0 Safari/537.36', '2025-08-27 08:32:21'),
(85, 1, 'Created new Student: Bhup[i', '::1', 'Mozilla/5.0 (Windows NT 10.0; Win64; x64) AppleWebKit/537.36 (KHTML, like Gecko) Chrome/139.0.0.0 Safari/537.36', '2025-08-27 09:43:38'),
(86, 1, 'Updated user: Bhupinder', '::1', 'Mozilla/5.0 (Windows NT 10.0; Win64; x64) AppleWebKit/537.36 (KHTML, like Gecko) Chrome/139.0.0.0 Safari/537.36', '2025-08-27 09:47:45'),
(87, 1, 'Updated user: Bhupinder', '::1', 'Mozilla/5.0 (Windows NT 10.0; Win64; x64) AppleWebKit/537.36 (KHTML, like Gecko) Chrome/139.0.0.0 Safari/537.36', '2025-08-27 09:49:03'),
(88, 1, 'Updated user: Bhupinder', '::1', 'Mozilla/5.0 (Windows NT 10.0; Win64; x64) AppleWebKit/537.36 (KHTML, like Gecko) Chrome/139.0.0.0 Safari/537.36', '2025-08-27 09:51:23'),
(89, 1, 'Updated user: Bhupinder', '::1', 'Mozilla/5.0 (Windows NT 10.0; Win64; x64) AppleWebKit/537.36 (KHTML, like Gecko) Chrome/139.0.0.0 Safari/537.36', '2025-08-27 09:51:48'),
(90, 1, 'Updated user: Bhupinder', '::1', 'Mozilla/5.0 (Windows NT 10.0; Win64; x64) AppleWebKit/537.36 (KHTML, like Gecko) Chrome/139.0.0.0 Safari/537.36', '2025-08-27 09:52:04'),
(91, 1, 'Updated user: Bhupinder', '::1', 'Mozilla/5.0 (Windows NT 10.0; Win64; x64) AppleWebKit/537.36 (KHTML, like Gecko) Chrome/139.0.0.0 Safari/537.36', '2025-08-27 09:52:31'),
(92, 1, 'Updated user: Bhupinder', '::1', 'Mozilla/5.0 (Windows NT 10.0; Win64; x64) AppleWebKit/537.36 (KHTML, like Gecko) Chrome/139.0.0.0 Safari/537.36', '2025-08-27 09:53:14'),
(93, 1, 'Reset password for user: Bhupinder', '::1', 'Mozilla/5.0 (Windows NT 10.0; Win64; x64) AppleWebKit/537.36 (KHTML, like Gecko) Chrome/139.0.0.0 Safari/537.36', '2025-08-27 10:09:35'),
(94, 1, 'Created new Student: kunal', '::1', 'Mozilla/5.0 (Windows NT 10.0; Win64; x64) AppleWebKit/537.36 (KHTML, like Gecko) Chrome/139.0.0.0 Safari/537.36', '2025-08-27 10:10:57'),
(95, 1, 'Accessed dashboard', '::1', 'Mozilla/5.0 (Windows NT 10.0; Win64; x64) AppleWebKit/537.36 (KHTML, like Gecko) Chrome/139.0.0.0 Safari/537.36', '2025-08-27 10:18:13'),
(96, 1, 'Accessed dashboard', '::1', 'Mozilla/5.0 (Windows NT 10.0; Win64; x64) AppleWebKit/537.36 (KHTML, like Gecko) Chrome/139.0.0.0 Safari/537.36', '2025-08-27 10:18:48'),
(97, 1, 'Accessed dashboard', '::1', 'Mozilla/5.0 (Windows NT 10.0; Win64; x64) AppleWebKit/537.36 (KHTML, like Gecko) Chrome/139.0.0.0 Safari/537.36', '2025-08-27 10:19:59'),
(98, 1, 'Accessed dashboard', '::1', 'Mozilla/5.0 (Windows NT 10.0; Win64; x64) AppleWebKit/537.36 (KHTML, like Gecko) Chrome/139.0.0.0 Safari/537.36', '2025-08-27 10:21:03'),
(99, 1, 'Accessed dashboard', '::1', 'Mozilla/5.0 (Windows NT 10.0; Win64; x64) AppleWebKit/537.36 (KHTML, like Gecko) Chrome/139.0.0.0 Safari/537.36', '2025-08-27 10:23:27'),
(100, 1, 'Accessed dashboard', '::1', 'Mozilla/5.0 (Windows NT 10.0; Win64; x64) AppleWebKit/537.36 (KHTML, like Gecko) Chrome/139.0.0.0 Safari/537.36', '2025-08-27 10:23:29'),
(101, 1, 'Accessed dashboard', '::1', 'Mozilla/5.0 (Windows NT 10.0; Win64; x64) AppleWebKit/537.36 (KHTML, like Gecko) Chrome/139.0.0.0 Safari/537.36', '2025-08-27 10:23:29'),
(102, 1, 'Accessed dashboard', '::1', 'Mozilla/5.0 (Windows NT 10.0; Win64; x64) AppleWebKit/537.36 (KHTML, like Gecko) Chrome/139.0.0.0 Safari/537.36', '2025-08-27 10:25:14'),
(103, 1, 'Accessed dashboard', '::1', 'Mozilla/5.0 (Windows NT 10.0; Win64; x64) AppleWebKit/537.36 (KHTML, like Gecko) Chrome/139.0.0.0 Safari/537.36', '2025-08-27 10:25:28'),
(104, 1, 'Accessed dashboard', '::1', 'Mozilla/5.0 (Windows NT 10.0; Win64; x64) AppleWebKit/537.36 (KHTML, like Gecko) Chrome/139.0.0.0 Safari/537.36', '2025-08-27 10:25:29'),
(105, 1, 'Accessed dashboard', '::1', 'Mozilla/5.0 (Windows NT 10.0; Win64; x64) AppleWebKit/537.36 (KHTML, like Gecko) Chrome/139.0.0.0 Safari/537.36', '2025-08-27 10:25:29'),
(106, 1, 'Accessed dashboard', '::1', 'Mozilla/5.0 (Windows NT 10.0; Win64; x64) AppleWebKit/537.36 (KHTML, like Gecko) Chrome/139.0.0.0 Safari/537.36', '2025-08-27 10:25:29'),
(107, 1, 'Accessed dashboard', '::1', 'Mozilla/5.0 (Windows NT 10.0; Win64; x64) AppleWebKit/537.36 (KHTML, like Gecko) Chrome/139.0.0.0 Safari/537.36', '2025-08-27 10:25:30'),
(108, 1, 'Accessed dashboard', '::1', 'Mozilla/5.0 (Windows NT 10.0; Win64; x64) AppleWebKit/537.36 (KHTML, like Gecko) Chrome/139.0.0.0 Safari/537.36', '2025-08-27 10:25:31'),
(109, 1, 'Accessed dashboard', '::1', 'Mozilla/5.0 (Windows NT 10.0; Win64; x64) AppleWebKit/537.36 (KHTML, like Gecko) Chrome/139.0.0.0 Safari/537.36', '2025-08-27 10:27:05'),
(110, 1, 'Accessed dashboard', '::1', 'Mozilla/5.0 (Windows NT 10.0; Win64; x64) AppleWebKit/537.36 (KHTML, like Gecko) Chrome/139.0.0.0 Safari/537.36', '2025-08-27 10:27:06'),
(111, 1, 'Accessed dashboard', '::1', 'Mozilla/5.0 (Windows NT 10.0; Win64; x64) AppleWebKit/537.36 (KHTML, like Gecko) Chrome/139.0.0.0 Safari/537.36', '2025-08-27 10:27:06'),
(112, 1, 'Accessed dashboard', '::1', 'Mozilla/5.0 (Windows NT 10.0; Win64; x64) AppleWebKit/537.36 (KHTML, like Gecko) Chrome/139.0.0.0 Safari/537.36', '2025-08-27 10:28:37'),
(113, 1, 'User logged out', '::1', 'Mozilla/5.0 (Windows NT 10.0; Win64; x64) AppleWebKit/537.36 (KHTML, like Gecko) Chrome/139.0.0.0 Safari/537.36', '2025-08-27 11:24:52'),
(114, 1, 'User logged in', '::1', 'Mozilla/5.0 (Windows NT 10.0; Win64; x64) AppleWebKit/537.36 (KHTML, like Gecko) Chrome/139.0.0.0 Safari/537.36', '2025-08-27 11:25:06'),
(115, 1, 'Accessed dashboard', '::1', 'Mozilla/5.0 (Windows NT 10.0; Win64; x64) AppleWebKit/537.36 (KHTML, like Gecko) Chrome/139.0.0.0 Safari/537.36', '2025-08-27 11:25:06'),
(116, 1, 'Reset password for user: kunal', '::1', 'Mozilla/5.0 (Windows NT 10.0; Win64; x64) AppleWebKit/537.36 (KHTML, like Gecko) Chrome/139.0.0.0 Safari/537.36', '2025-08-27 11:25:54'),
(117, 1, 'Accessed dashboard', '::1', 'Mozilla/5.0 (Windows NT 10.0; Win64; x64) AppleWebKit/537.36 (KHTML, like Gecko) Chrome/139.0.0.0 Safari/537.36', '2025-08-27 11:26:16'),
(118, 1, 'Accessed dashboard', '::1', 'Mozilla/5.0 (Windows NT 10.0; Win64; x64) AppleWebKit/537.36 (KHTML, like Gecko) Chrome/139.0.0.0 Safari/537.36', '2025-08-27 11:26:22'),
(119, 1, 'Accessed dashboard', '::1', 'Mozilla/5.0 (Windows NT 10.0; Win64; x64) AppleWebKit/537.36 (KHTML, like Gecko) Chrome/139.0.0.0 Safari/537.36', '2025-08-27 11:27:35'),
(120, 1, 'Accessed dashboard', '::1', 'Mozilla/5.0 (Windows NT 10.0; Win64; x64) AppleWebKit/537.36 (KHTML, like Gecko) Chrome/139.0.0.0 Safari/537.36', '2025-08-27 11:27:35'),
(121, 1, 'Accessed dashboard', '::1', 'Mozilla/5.0 (Windows NT 10.0; Win64; x64) AppleWebKit/537.36 (KHTML, like Gecko) Chrome/139.0.0.0 Safari/537.36', '2025-08-27 11:27:35'),
(122, 1, 'Accessed dashboard', '::1', 'Mozilla/5.0 (Windows NT 10.0; Win64; x64) AppleWebKit/537.36 (KHTML, like Gecko) Chrome/139.0.0.0 Safari/537.36', '2025-08-27 11:27:36'),
(123, 1, 'User logged out', '::1', 'Mozilla/5.0 (Windows NT 10.0; Win64; x64) AppleWebKit/537.36 (KHTML, like Gecko) Chrome/139.0.0.0 Safari/537.36', '2025-08-27 11:27:38'),
(154, 1, 'Reset password for user: kunal', '::1', 'Mozilla/5.0 (Windows NT 10.0; Win64; x64) AppleWebKit/537.36 (KHTML, like Gecko) Chrome/139.0.0.0 Safari/537.36', '2025-08-27 17:21:37'),
(155, 1, 'User logged out', '::1', 'Mozilla/5.0 (Windows NT 10.0; Win64; x64) AppleWebKit/537.36 (KHTML, like Gecko) Chrome/139.0.0.0 Safari/537.36', '2025-08-27 17:23:12'),
(205, 1, 'User logged in', '::1', 'Mozilla/5.0 (Windows NT 10.0; Win64; x64) AppleWebKit/537.36 (KHTML, like Gecko) Chrome/139.0.0.0 Safari/537.36', '2025-08-27 18:09:55'),
(206, 1, 'Accessed dashboard', '::1', 'Mozilla/5.0 (Windows NT 10.0; Win64; x64) AppleWebKit/537.36 (KHTML, like Gecko) Chrome/139.0.0.0 Safari/537.36', '2025-08-27 18:09:55'),
(207, 1, 'Accessed dashboard', '::1', 'Mozilla/5.0 (Windows NT 10.0; Win64; x64) AppleWebKit/537.36 (KHTML, like Gecko) Chrome/139.0.0.0 Safari/537.36', '2025-08-27 18:10:12'),
(208, 1, 'Accessed dashboard', '::1', 'Mozilla/5.0 (Windows NT 10.0; Win64; x64) AppleWebKit/537.36 (KHTML, like Gecko) Chrome/139.0.0.0 Safari/537.36', '2025-08-27 18:10:57'),
(209, 1, 'Accessed dashboard', '::1', 'Mozilla/5.0 (Windows NT 10.0; Win64; x64) AppleWebKit/537.36 (KHTML, like Gecko) Chrome/139.0.0.0 Safari/537.36', '2025-08-27 18:12:08'),
(210, 1, 'User logged out', '::1', 'Mozilla/5.0 (Windows NT 10.0; Win64; x64) AppleWebKit/537.36 (KHTML, like Gecko) Chrome/139.0.0.0 Safari/537.36', '2025-08-27 18:12:22'),
(216, 1, 'User logged in', '::1', 'Mozilla/5.0 (Windows NT 10.0; Win64; x64) AppleWebKit/537.36 (KHTML, like Gecko) Chrome/139.0.0.0 Safari/537.36', '2025-08-27 18:14:17'),
(217, 1, 'Accessed dashboard', '::1', 'Mozilla/5.0 (Windows NT 10.0; Win64; x64) AppleWebKit/537.36 (KHTML, like Gecko) Chrome/139.0.0.0 Safari/537.36', '2025-08-27 18:14:17'),
(218, 1, 'Accessed dashboard', '::1', 'Mozilla/5.0 (Windows NT 10.0; Win64; x64) AppleWebKit/537.36 (KHTML, like Gecko) Chrome/139.0.0.0 Safari/537.36', '2025-08-27 18:14:44'),
(219, 1, 'User logged out', '::1', 'Mozilla/5.0 (Windows NT 10.0; Win64; x64) AppleWebKit/537.36 (KHTML, like Gecko) Chrome/139.0.0.0 Safari/537.36', '2025-08-27 18:14:48'),
(232, 1, 'User logged in', '::1', 'Mozilla/5.0 (Windows NT 10.0; Win64; x64) AppleWebKit/537.36 (KHTML, like Gecko) Chrome/139.0.0.0 Safari/537.36', '2025-08-27 18:24:24'),
(233, 1, 'Accessed dashboard', '::1', 'Mozilla/5.0 (Windows NT 10.0; Win64; x64) AppleWebKit/537.36 (KHTML, like Gecko) Chrome/139.0.0.0 Safari/537.36', '2025-08-27 18:24:24'),
(234, 1, 'Accessed dashboard', '::1', 'Mozilla/5.0 (Windows NT 10.0; Win64; x64) AppleWebKit/537.36 (KHTML, like Gecko) Chrome/139.0.0.0 Safari/537.36', '2025-08-27 18:24:54'),
(235, 1, 'Accessed dashboard', '::1', 'Mozilla/5.0 (Windows NT 10.0; Win64; x64) AppleWebKit/537.36 (KHTML, like Gecko) Chrome/139.0.0.0 Safari/537.36', '2025-08-27 18:34:10'),
(236, 1, 'Accessed dashboard', '::1', 'Mozilla/5.0 (Windows NT 10.0; Win64; x64) AppleWebKit/537.36 (KHTML, like Gecko) Chrome/139.0.0.0 Safari/537.36', '2025-08-27 18:34:50'),
(237, 1, 'Accessed dashboard', '::1', 'Mozilla/5.0 (Windows NT 10.0; Win64; x64) AppleWebKit/537.36 (KHTML, like Gecko) Chrome/139.0.0.0 Safari/537.36', '2025-08-27 18:35:14'),
(238, 1, 'Accessed dashboard', '::1', 'Mozilla/5.0 (Windows NT 10.0; Win64; x64) AppleWebKit/537.36 (KHTML, like Gecko) Chrome/139.0.0.0 Safari/537.36', '2025-08-27 18:35:27'),
(239, 1, 'Accessed dashboard', '::1', 'Mozilla/5.0 (Windows NT 10.0; Win64; x64) AppleWebKit/537.36 (KHTML, like Gecko) Chrome/139.0.0.0 Safari/537.36', '2025-08-27 18:35:57'),
(240, 1, 'Accessed dashboard', '::1', 'Mozilla/5.0 (Windows NT 10.0; Win64; x64) AppleWebKit/537.36 (KHTML, like Gecko) Chrome/139.0.0.0 Safari/537.36', '2025-08-27 18:36:08'),
(241, 1, 'Accessed dashboard', '::1', 'Mozilla/5.0 (Windows NT 10.0; Win64; x64) AppleWebKit/537.36 (KHTML, like Gecko) Chrome/139.0.0.0 Safari/537.36', '2025-08-27 18:37:51'),
(242, 1, 'Accessed dashboard', '::1', 'Mozilla/5.0 (Windows NT 10.0; Win64; x64) AppleWebKit/537.36 (KHTML, like Gecko) Chrome/139.0.0.0 Safari/537.36', '2025-08-27 18:37:53'),
(243, 1, 'Accessed dashboard', '::1', 'Mozilla/5.0 (Windows NT 10.0; Win64; x64) AppleWebKit/537.36 (KHTML, like Gecko) Chrome/139.0.0.0 Safari/537.36', '2025-08-27 18:37:54'),
(244, 1, 'Accessed dashboard', '::1', 'Mozilla/5.0 (Windows NT 10.0; Win64; x64) AppleWebKit/537.36 (KHTML, like Gecko) Chrome/139.0.0.0 Safari/537.36', '2025-08-27 18:38:03'),
(245, 1, 'Accessed dashboard', '::1', 'Mozilla/5.0 (Windows NT 10.0; Win64; x64) AppleWebKit/537.36 (KHTML, like Gecko) Chrome/139.0.0.0 Safari/537.36', '2025-08-27 18:38:05'),
(246, 1, 'Accessed dashboard', '::1', 'Mozilla/5.0 (Windows NT 10.0; Win64; x64) AppleWebKit/537.36 (KHTML, like Gecko) Chrome/139.0.0.0 Safari/537.36', '2025-08-27 18:39:44'),
(247, 1, 'Accessed dashboard', '::1', 'Mozilla/5.0 (Windows NT 10.0; Win64; x64) AppleWebKit/537.36 (KHTML, like Gecko) Chrome/139.0.0.0 Safari/537.36', '2025-08-27 18:39:48'),
(248, 1, 'Accessed dashboard', '::1', 'Mozilla/5.0 (Windows NT 10.0; Win64; x64) AppleWebKit/537.36 (KHTML, like Gecko) Chrome/139.0.0.0 Safari/537.36', '2025-08-27 18:39:50'),
(249, 1, 'Accessed dashboard', '::1', 'Mozilla/5.0 (Windows NT 10.0; Win64; x64) AppleWebKit/537.36 (KHTML, like Gecko) Chrome/139.0.0.0 Safari/537.36', '2025-08-27 18:39:52'),
(250, 1, 'Accessed dashboard', '::1', 'Mozilla/5.0 (Windows NT 10.0; Win64; x64) AppleWebKit/537.36 (KHTML, like Gecko) Chrome/139.0.0.0 Safari/537.36', '2025-08-27 18:41:17'),
(251, 1, 'Accessed dashboard', '::1', 'Mozilla/5.0 (Windows NT 10.0; Win64; x64) AppleWebKit/537.36 (KHTML, like Gecko) Chrome/139.0.0.0 Safari/537.36', '2025-08-27 18:44:40'),
(252, 1, 'Accessed dashboard', '::1', 'Mozilla/5.0 (Windows NT 10.0; Win64; x64) AppleWebKit/537.36 (KHTML, like Gecko) Chrome/139.0.0.0 Safari/537.36', '2025-08-27 18:44:48'),
(253, 1, 'Accessed dashboard', '::1', 'Mozilla/5.0 (Windows NT 10.0; Win64; x64) AppleWebKit/537.36 (KHTML, like Gecko) Chrome/139.0.0.0 Safari/537.36', '2025-08-27 18:44:52'),
(254, 1, 'Accessed dashboard', '::1', 'Mozilla/5.0 (Windows NT 10.0; Win64; x64) AppleWebKit/537.36 (KHTML, like Gecko) Chrome/139.0.0.0 Safari/537.36', '2025-08-27 18:44:53'),
(255, 1, 'Accessed dashboard', '::1', 'Mozilla/5.0 (Windows NT 10.0; Win64; x64) AppleWebKit/537.36 (KHTML, like Gecko) Chrome/139.0.0.0 Safari/537.36', '2025-08-27 18:44:58'),
(256, 1, 'User logged out', '::1', 'Mozilla/5.0 (Windows NT 10.0; Win64; x64) AppleWebKit/537.36 (KHTML, like Gecko) Chrome/139.0.0.0 Safari/537.36', '2025-08-27 18:45:44'),
(262, 1, 'User logged in', '::1', 'Mozilla/5.0 (Windows NT 10.0; Win64; x64) AppleWebKit/537.36 (KHTML, like Gecko) Chrome/139.0.0.0 Safari/537.36', '2025-08-28 04:42:08'),
(263, 1, 'Accessed dashboard', '::1', 'Mozilla/5.0 (Windows NT 10.0; Win64; x64) AppleWebKit/537.36 (KHTML, like Gecko) Chrome/139.0.0.0 Safari/537.36', '2025-08-28 04:42:08'),
(264, 1, 'Accessed dashboard', '::1', 'Mozilla/5.0 (Windows NT 10.0; Win64; x64) AppleWebKit/537.36 (KHTML, like Gecko) Chrome/139.0.0.0 Safari/537.36', '2025-08-28 04:43:16'),
(265, 1, 'Accessed dashboard', '::1', 'Mozilla/5.0 (Windows NT 10.0; Win64; x64) AppleWebKit/537.36 (KHTML, like Gecko) Chrome/139.0.0.0 Safari/537.36', '2025-08-28 04:44:11'),
(266, 1, 'Accessed dashboard', '::1', 'Mozilla/5.0 (Windows NT 10.0; Win64; x64) AppleWebKit/537.36 (KHTML, like Gecko) Chrome/139.0.0.0 Safari/537.36', '2025-08-28 04:44:55'),
(267, 1, 'Accessed dashboard', '::1', 'Mozilla/5.0 (Windows NT 10.0; Win64; x64) AppleWebKit/537.36 (KHTML, like Gecko) Chrome/139.0.0.0 Safari/537.36', '2025-08-28 04:45:01'),
(268, 1, 'Accessed dashboard', '::1', 'Mozilla/5.0 (Windows NT 10.0; Win64; x64) AppleWebKit/537.36 (KHTML, like Gecko) Chrome/139.0.0.0 Safari/537.36', '2025-08-28 04:54:03'),
(269, 1, 'Accessed dashboard', '::1', 'Mozilla/5.0 (Windows NT 10.0; Win64; x64) AppleWebKit/537.36 (KHTML, like Gecko) Chrome/139.0.0.0 Safari/537.36', '2025-08-28 04:56:28'),
(270, 1, 'Accessed dashboard', '::1', 'Mozilla/5.0 (Windows NT 10.0; Win64; x64) AppleWebKit/537.36 (KHTML, like Gecko) Chrome/139.0.0.0 Safari/537.36', '2025-08-28 04:57:16'),
(271, 1, 'Accessed dashboard', '::1', 'Mozilla/5.0 (Windows NT 10.0; Win64; x64) AppleWebKit/537.36 (KHTML, like Gecko) Chrome/139.0.0.0 Safari/537.36', '2025-08-28 04:58:21'),
(272, 1, 'Accessed dashboard', '::1', 'Mozilla/5.0 (Windows NT 10.0; Win64; x64) AppleWebKit/537.36 (KHTML, like Gecko) Chrome/139.0.0.0 Safari/537.36', '2025-08-28 04:58:47'),
(273, 1, 'Accessed dashboard', '::1', 'Mozilla/5.0 (Windows NT 10.0; Win64; x64) AppleWebKit/537.36 (KHTML, like Gecko) Chrome/139.0.0.0 Safari/537.36', '2025-08-28 04:59:12'),
(274, 1, 'Accessed dashboard', '::1', 'Mozilla/5.0 (Windows NT 10.0; Win64; x64) AppleWebKit/537.36 (KHTML, like Gecko) Chrome/139.0.0.0 Safari/537.36', '2025-08-28 05:00:55'),
(275, 1, 'Accessed dashboard', '::1', 'Mozilla/5.0 (Windows NT 10.0; Win64; x64) AppleWebKit/537.36 (KHTML, like Gecko) Chrome/139.0.0.0 Safari/537.36', '2025-08-28 05:01:00'),
(276, 1, 'Accessed dashboard', '::1', 'Mozilla/5.0 (Windows NT 10.0; Win64; x64) AppleWebKit/537.36 (KHTML, like Gecko) Chrome/139.0.0.0 Safari/537.36', '2025-08-28 05:01:00'),
(277, 1, 'Accessed dashboard', '::1', 'Mozilla/5.0 (Windows NT 10.0; Win64; x64) AppleWebKit/537.36 (KHTML, like Gecko) Chrome/139.0.0.0 Safari/537.36', '2025-08-28 05:02:05'),
(278, 1, 'Accessed dashboard', '::1', 'Mozilla/5.0 (Windows NT 10.0; Win64; x64) AppleWebKit/537.36 (KHTML, like Gecko) Chrome/139.0.0.0 Safari/537.36', '2025-08-28 05:02:32'),
(279, 1, 'Accessed dashboard', '::1', 'Mozilla/5.0 (Windows NT 10.0; Win64; x64) AppleWebKit/537.36 (KHTML, like Gecko) Chrome/139.0.0.0 Safari/537.36', '2025-08-28 05:02:32'),
(280, 1, 'Accessed dashboard', '::1', 'Mozilla/5.0 (Windows NT 10.0; Win64; x64) AppleWebKit/537.36 (KHTML, like Gecko) Chrome/139.0.0.0 Safari/537.36', '2025-08-28 05:03:46'),
(281, 1, 'Accessed dashboard', '::1', 'Mozilla/5.0 (Windows NT 10.0; Win64; x64) AppleWebKit/537.36 (KHTML, like Gecko) Chrome/139.0.0.0 Safari/537.36', '2025-08-28 05:04:57'),
(282, 1, 'Accessed dashboard', '::1', 'Mozilla/5.0 (Windows NT 10.0; Win64; x64) AppleWebKit/537.36 (KHTML, like Gecko) Chrome/139.0.0.0 Safari/537.36', '2025-08-28 05:05:17'),
(283, 1, 'Accessed dashboard', '::1', 'Mozilla/5.0 (Windows NT 10.0; Win64; x64) AppleWebKit/537.36 (KHTML, like Gecko) Chrome/139.0.0.0 Safari/537.36', '2025-08-28 05:05:47'),
(284, 1, 'Accessed dashboard', '::1', 'Mozilla/5.0 (Windows NT 10.0; Win64; x64) AppleWebKit/537.36 (KHTML, like Gecko) Chrome/139.0.0.0 Safari/537.36', '2025-08-28 05:05:48'),
(285, 1, 'Accessed dashboard', '::1', 'Mozilla/5.0 (Windows NT 10.0; Win64; x64) AppleWebKit/537.36 (KHTML, like Gecko) Chrome/139.0.0.0 Safari/537.36', '2025-08-28 05:05:48'),
(286, 1, 'Accessed dashboard', '::1', 'Mozilla/5.0 (Windows NT 10.0; Win64; x64) AppleWebKit/537.36 (KHTML, like Gecko) Chrome/139.0.0.0 Safari/537.36', '2025-08-28 05:05:49'),
(287, 1, 'Accessed dashboard', '::1', 'Mozilla/5.0 (Windows NT 10.0; Win64; x64) AppleWebKit/537.36 (KHTML, like Gecko) Chrome/139.0.0.0 Safari/537.36', '2025-08-28 05:05:49'),
(288, 1, 'Accessed dashboard', '::1', 'Mozilla/5.0 (Windows NT 10.0; Win64; x64) AppleWebKit/537.36 (KHTML, like Gecko) Chrome/139.0.0.0 Safari/537.36', '2025-08-28 05:06:00'),
(289, 1, 'User logged in', '::1', 'Mozilla/5.0 (Windows NT 10.0; Win64; x64) AppleWebKit/537.36 (KHTML, like Gecko) Chrome/139.0.0.0 Safari/537.36', '2025-08-28 12:05:12'),
(290, 1, 'Accessed dashboard', '::1', 'Mozilla/5.0 (Windows NT 10.0; Win64; x64) AppleWebKit/537.36 (KHTML, like Gecko) Chrome/139.0.0.0 Safari/537.36', '2025-08-28 12:05:12'),
(291, 1, 'Accessed dashboard', '::1', 'Mozilla/5.0 (Windows NT 10.0; Win64; x64) AppleWebKit/537.36 (KHTML, like Gecko) Chrome/139.0.0.0 Safari/537.36', '2025-08-28 12:06:37'),
(292, 1, 'Accessed dashboard', '::1', 'Mozilla/5.0 (Windows NT 10.0; Win64; x64) AppleWebKit/537.36 (KHTML, like Gecko) Chrome/139.0.0.0 Safari/537.36', '2025-08-28 12:07:34'),
(293, 1, 'Accessed dashboard', '::1', 'Mozilla/5.0 (Windows NT 10.0; Win64; x64) AppleWebKit/537.36 (KHTML, like Gecko) Chrome/139.0.0.0 Safari/537.36', '2025-08-28 12:08:01'),
(294, 1, 'Accessed dashboard', '::1', 'Mozilla/5.0 (Windows NT 10.0; Win64; x64) AppleWebKit/537.36 (KHTML, like Gecko) Chrome/139.0.0.0 Safari/537.36', '2025-08-28 12:08:11'),
(295, 1, 'Accessed dashboard', '::1', 'Mozilla/5.0 (Windows NT 10.0; Win64; x64) AppleWebKit/537.36 (KHTML, like Gecko) Chrome/139.0.0.0 Safari/537.36', '2025-08-28 12:08:50'),
(296, 1, 'Accessed dashboard', '::1', 'Mozilla/5.0 (Windows NT 10.0; Win64; x64) AppleWebKit/537.36 (KHTML, like Gecko) Chrome/139.0.0.0 Safari/537.36', '2025-08-28 12:09:16'),
(297, 1, 'Accessed dashboard', '::1', 'Mozilla/5.0 (Windows NT 10.0; Win64; x64) AppleWebKit/537.36 (KHTML, like Gecko) Chrome/139.0.0.0 Safari/537.36', '2025-08-28 12:09:17'),
(298, 1, 'Accessed dashboard', '::1', 'Mozilla/5.0 (Windows NT 10.0; Win64; x64) AppleWebKit/537.36 (KHTML, like Gecko) Chrome/139.0.0.0 Safari/537.36', '2025-08-28 12:09:18'),
(299, 1, 'Accessed dashboard', '::1', 'Mozilla/5.0 (Windows NT 10.0; Win64; x64) AppleWebKit/537.36 (KHTML, like Gecko) Chrome/139.0.0.0 Safari/537.36', '2025-08-28 12:09:18'),
(300, 1, 'Accessed dashboard', '::1', 'Mozilla/5.0 (Windows NT 10.0; Win64; x64) AppleWebKit/537.36 (KHTML, like Gecko) Chrome/139.0.0.0 Safari/537.36', '2025-08-28 12:09:18'),
(301, 1, 'Accessed dashboard', '::1', 'Mozilla/5.0 (Windows NT 10.0; Win64; x64) AppleWebKit/537.36 (KHTML, like Gecko) Chrome/139.0.0.0 Safari/537.36', '2025-08-28 12:09:18'),
(302, 1, 'Accessed dashboard', '::1', 'Mozilla/5.0 (Windows NT 10.0; Win64; x64) AppleWebKit/537.36 (KHTML, like Gecko) Chrome/139.0.0.0 Safari/537.36', '2025-08-28 12:09:18'),
(303, 1, 'Accessed dashboard', '::1', 'Mozilla/5.0 (Windows NT 10.0; Win64; x64) AppleWebKit/537.36 (KHTML, like Gecko) Chrome/139.0.0.0 Safari/537.36', '2025-08-28 12:09:19'),
(304, 1, 'Accessed dashboard', '::1', 'Mozilla/5.0 (Windows NT 10.0; Win64; x64) AppleWebKit/537.36 (KHTML, like Gecko) Chrome/139.0.0.0 Safari/537.36', '2025-08-28 12:09:19'),
(305, 1, 'Accessed dashboard', '::1', 'Mozilla/5.0 (Windows NT 10.0; Win64; x64) AppleWebKit/537.36 (KHTML, like Gecko) Chrome/139.0.0.0 Safari/537.36', '2025-08-28 12:09:19'),
(306, 1, 'Accessed dashboard', '::1', 'Mozilla/5.0 (Windows NT 10.0; Win64; x64) AppleWebKit/537.36 (KHTML, like Gecko) Chrome/139.0.0.0 Safari/537.36', '2025-08-28 12:09:19'),
(307, 1, 'Accessed dashboard', '::1', 'Mozilla/5.0 (Windows NT 10.0; Win64; x64) AppleWebKit/537.36 (KHTML, like Gecko) Chrome/139.0.0.0 Safari/537.36', '2025-08-28 12:09:28'),
(308, 1, 'Accessed dashboard', '::1', 'Mozilla/5.0 (Windows NT 10.0; Win64; x64) AppleWebKit/537.36 (KHTML, like Gecko) Chrome/139.0.0.0 Safari/537.36', '2025-08-28 12:10:28'),
(309, 1, 'Accessed dashboard', '::1', 'Mozilla/5.0 (Windows NT 10.0; Win64; x64) AppleWebKit/537.36 (KHTML, like Gecko) Chrome/139.0.0.0 Safari/537.36', '2025-08-28 12:11:31'),
(310, 1, 'Accessed dashboard', '::1', 'Mozilla/5.0 (Windows NT 10.0; Win64; x64) AppleWebKit/537.36 (KHTML, like Gecko) Chrome/139.0.0.0 Safari/537.36', '2025-08-28 12:11:41'),
(311, 1, 'Accessed dashboard', '::1', 'Mozilla/5.0 (Windows NT 10.0; Win64; x64) AppleWebKit/537.36 (KHTML, like Gecko) Chrome/139.0.0.0 Safari/537.36', '2025-08-28 12:11:43'),
(312, 1, 'Accessed dashboard', '::1', 'Mozilla/5.0 (Windows NT 10.0; Win64; x64) AppleWebKit/537.36 (KHTML, like Gecko) Chrome/139.0.0.0 Safari/537.36', '2025-08-28 12:12:20'),
(313, 1, 'Accessed dashboard', '::1', 'Mozilla/5.0 (Windows NT 10.0; Win64; x64) AppleWebKit/537.36 (KHTML, like Gecko) Chrome/139.0.0.0 Safari/537.36', '2025-08-28 12:12:43'),
(314, 1, 'Accessed dashboard', '::1', 'Mozilla/5.0 (Windows NT 10.0; Win64; x64) AppleWebKit/537.36 (KHTML, like Gecko) Chrome/139.0.0.0 Safari/537.36', '2025-08-28 12:13:12'),
(315, 1, 'Accessed dashboard', '::1', 'Mozilla/5.0 (Windows NT 10.0; Win64; x64) AppleWebKit/537.36 (KHTML, like Gecko) Chrome/139.0.0.0 Safari/537.36', '2025-08-28 12:13:15'),
(316, 1, 'Accessed dashboard', '::1', 'Mozilla/5.0 (Windows NT 10.0; Win64; x64) AppleWebKit/537.36 (KHTML, like Gecko) Chrome/139.0.0.0 Safari/537.36', '2025-08-28 12:13:15'),
(317, 1, 'Accessed dashboard', '::1', 'Mozilla/5.0 (Windows NT 10.0; Win64; x64) AppleWebKit/537.36 (KHTML, like Gecko) Chrome/139.0.0.0 Safari/537.36', '2025-08-28 12:13:42'),
(318, 1, 'Accessed dashboard', '::1', 'Mozilla/5.0 (Windows NT 10.0; Win64; x64) AppleWebKit/537.36 (KHTML, like Gecko) Chrome/139.0.0.0 Safari/537.36', '2025-08-28 12:13:54'),
(319, 1, 'Accessed dashboard', '::1', 'Mozilla/5.0 (Windows NT 10.0; Win64; x64) AppleWebKit/537.36 (KHTML, like Gecko) Chrome/139.0.0.0 Safari/537.36', '2025-08-28 12:24:55'),
(320, 1, 'Accessed dashboard', '::1', 'Mozilla/5.0 (Windows NT 10.0; Win64; x64) AppleWebKit/537.36 (KHTML, like Gecko) Chrome/139.0.0.0 Safari/537.36', '2025-08-28 12:44:40'),
(321, 1, 'User logged out', '::1', 'Mozilla/5.0 (Windows NT 10.0; Win64; x64) AppleWebKit/537.36 (KHTML, like Gecko) Chrome/139.0.0.0 Safari/537.36', '2025-08-28 12:44:48'),
(322, 1, 'User logged in', '::1', 'Mozilla/5.0 (Windows NT 10.0; Win64; x64) AppleWebKit/537.36 (KHTML, like Gecko) Chrome/139.0.0.0 Safari/537.36', '2025-08-28 12:44:57'),
(323, 1, 'Accessed dashboard', '::1', 'Mozilla/5.0 (Windows NT 10.0; Win64; x64) AppleWebKit/537.36 (KHTML, like Gecko) Chrome/139.0.0.0 Safari/537.36', '2025-08-28 12:44:57'),
(324, 1, 'Created new Admin: Bhupinder1', '::1', 'Mozilla/5.0 (Windows NT 10.0; Win64; x64) AppleWebKit/537.36 (KHTML, like Gecko) Chrome/139.0.0.0 Safari/537.36', '2025-08-28 12:53:03'),
(325, 1, 'Created new Student: simmi', '::1', 'Mozilla/5.0 (Windows NT 10.0; Win64; x64) AppleWebKit/537.36 (KHTML, like Gecko) Chrome/139.0.0.0 Safari/537.36', '2025-08-28 12:54:26'),
(326, 1, 'User logged out', '::1', 'Mozilla/5.0 (Windows NT 10.0; Win64; x64) AppleWebKit/537.36 (KHTML, like Gecko) Chrome/139.0.0.0 Safari/537.36', '2025-08-28 13:02:41'),
(341, 1, 'User logged in', '::1', 'Mozilla/5.0 (Windows NT 10.0; Win64; x64) AppleWebKit/537.36 (KHTML, like Gecko) Chrome/139.0.0.0 Safari/537.36', '2025-08-28 16:12:02'),
(342, 1, 'Accessed dashboard', '::1', 'Mozilla/5.0 (Windows NT 10.0; Win64; x64) AppleWebKit/537.36 (KHTML, like Gecko) Chrome/139.0.0.0 Safari/537.36', '2025-08-28 16:21:55'),
(343, 1, 'Accessed dashboard', '::1', 'Mozilla/5.0 (Windows NT 10.0; Win64; x64) AppleWebKit/537.36 (KHTML, like Gecko) Chrome/139.0.0.0 Safari/537.36', '2025-08-28 16:21:56'),
(344, 1, 'Accessed dashboard', '::1', 'Mozilla/5.0 (Windows NT 10.0; Win64; x64) AppleWebKit/537.36 (KHTML, like Gecko) Chrome/139.0.0.0 Safari/537.36', '2025-08-28 16:21:57'),
(345, 1, 'Accessed dashboard', '::1', 'Mozilla/5.0 (Windows NT 10.0; Win64; x64) AppleWebKit/537.36 (KHTML, like Gecko) Chrome/139.0.0.0 Safari/537.36', '2025-08-28 16:21:57'),
(346, 1, 'Accessed dashboard', '::1', 'Mozilla/5.0 (Windows NT 10.0; Win64; x64) AppleWebKit/537.36 (KHTML, like Gecko) Chrome/139.0.0.0 Safari/537.36', '2025-08-28 16:21:57'),
(347, 1, 'Accessed dashboard', '::1', 'Mozilla/5.0 (Windows NT 10.0; Win64; x64) AppleWebKit/537.36 (KHTML, like Gecko) Chrome/139.0.0.0 Safari/537.36', '2025-08-28 16:21:57'),
(348, 1, 'Accessed dashboard', '::1', 'Mozilla/5.0 (Windows NT 10.0; Win64; x64) AppleWebKit/537.36 (KHTML, like Gecko) Chrome/139.0.0.0 Safari/537.36', '2025-08-28 16:22:34'),
(349, 1, 'Accessed dashboard', '::1', 'Mozilla/5.0 (Windows NT 10.0; Win64; x64) AppleWebKit/537.36 (KHTML, like Gecko) Chrome/139.0.0.0 Safari/537.36', '2025-08-28 16:22:48'),
(350, 1, 'Accessed dashboard', '::1', 'Mozilla/5.0 (Windows NT 10.0; Win64; x64) AppleWebKit/537.36 (KHTML, like Gecko) Chrome/139.0.0.0 Safari/537.36', '2025-08-28 16:23:22'),
(351, 1, 'Accessed dashboard', '::1', 'Mozilla/5.0 (Windows NT 10.0; Win64; x64) AppleWebKit/537.36 (KHTML, like Gecko) Chrome/139.0.0.0 Safari/537.36', '2025-08-28 16:23:36'),
(352, 1, 'Accessed dashboard', '::1', 'Mozilla/5.0 (Windows NT 10.0; Win64; x64) AppleWebKit/537.36 (KHTML, like Gecko) Chrome/139.0.0.0 Safari/537.36', '2025-08-28 16:23:52'),
(353, 1, 'Accessed dashboard', '::1', 'Mozilla/5.0 (Windows NT 10.0; Win64; x64) AppleWebKit/537.36 (KHTML, like Gecko) Chrome/139.0.0.0 Safari/537.36', '2025-08-28 16:27:10'),
(354, 1, 'Accessed dashboard', '::1', 'Mozilla/5.0 (Windows NT 10.0; Win64; x64) AppleWebKit/537.36 (KHTML, like Gecko) Chrome/139.0.0.0 Safari/537.36', '2025-08-28 16:27:23'),
(355, 1, 'Accessed dashboard', '::1', 'Mozilla/5.0 (Windows NT 10.0; Win64; x64) AppleWebKit/537.36 (KHTML, like Gecko) Chrome/139.0.0.0 Safari/537.36', '2025-08-28 16:29:18'),
(356, 1, 'Accessed dashboard', '::1', 'Mozilla/5.0 (Windows NT 10.0; Win64; x64) AppleWebKit/537.36 (KHTML, like Gecko) Chrome/139.0.0.0 Safari/537.36', '2025-08-28 16:29:19'),
(357, 1, 'Accessed dashboard', '::1', 'Mozilla/5.0 (Windows NT 10.0; Win64; x64) AppleWebKit/537.36 (KHTML, like Gecko) Chrome/139.0.0.0 Safari/537.36', '2025-08-28 16:29:19'),
(358, 1, 'Accessed dashboard', '::1', 'Mozilla/5.0 (Windows NT 10.0; Win64; x64) AppleWebKit/537.36 (KHTML, like Gecko) Chrome/139.0.0.0 Safari/537.36', '2025-08-28 16:29:19'),
(359, 1, 'Accessed dashboard', '::1', 'Mozilla/5.0 (Windows NT 10.0; Win64; x64) AppleWebKit/537.36 (KHTML, like Gecko) Chrome/139.0.0.0 Safari/537.36', '2025-08-28 16:29:19'),
(360, 1, 'Accessed dashboard', '::1', 'Mozilla/5.0 (Windows NT 10.0; Win64; x64) AppleWebKit/537.36 (KHTML, like Gecko) Chrome/139.0.0.0 Safari/537.36', '2025-08-28 16:29:20'),
(361, 1, 'Accessed dashboard', '::1', 'Mozilla/5.0 (Windows NT 10.0; Win64; x64) AppleWebKit/537.36 (KHTML, like Gecko) Chrome/139.0.0.0 Safari/537.36', '2025-08-28 16:29:20'),
(362, 1, 'Accessed dashboard', '::1', 'Mozilla/5.0 (Windows NT 10.0; Win64; x64) AppleWebKit/537.36 (KHTML, like Gecko) Chrome/139.0.0.0 Safari/537.36', '2025-08-28 16:29:20'),
(363, 1, 'Accessed dashboard', '::1', 'Mozilla/5.0 (Windows NT 10.0; Win64; x64) AppleWebKit/537.36 (KHTML, like Gecko) Chrome/139.0.0.0 Safari/537.36', '2025-08-28 16:29:20'),
(364, 1, 'Accessed dashboard', '::1', 'Mozilla/5.0 (Windows NT 10.0; Win64; x64) AppleWebKit/537.36 (KHTML, like Gecko) Chrome/139.0.0.0 Safari/537.36', '2025-08-28 16:29:20'),
(365, 1, 'Accessed dashboard', '::1', 'Mozilla/5.0 (Windows NT 10.0; Win64; x64) AppleWebKit/537.36 (KHTML, like Gecko) Chrome/139.0.0.0 Safari/537.36', '2025-08-28 16:29:26'),
(366, 1, 'Accessed dashboard', '::1', 'Mozilla/5.0 (Windows NT 10.0; Win64; x64) AppleWebKit/537.36 (KHTML, like Gecko) Chrome/139.0.0.0 Safari/537.36', '2025-08-28 16:29:45'),
(367, 1, 'Accessed dashboard', '::1', 'Mozilla/5.0 (Windows NT 10.0; Win64; x64) AppleWebKit/537.36 (KHTML, like Gecko) Chrome/139.0.0.0 Safari/537.36', '2025-08-28 16:29:55'),
(368, 1, 'Accessed dashboard', '::1', 'Mozilla/5.0 (Windows NT 10.0; Win64; x64) AppleWebKit/537.36 (KHTML, like Gecko) Chrome/139.0.0.0 Safari/537.36', '2025-08-28 16:31:41'),
(369, 1, 'Accessed dashboard', '::1', 'Mozilla/5.0 (Windows NT 10.0; Win64; x64) AppleWebKit/537.36 (KHTML, like Gecko) Chrome/139.0.0.0 Safari/537.36', '2025-08-28 16:33:44'),
(370, 1, 'Accessed dashboard', '::1', 'Mozilla/5.0 (Windows NT 10.0; Win64; x64) AppleWebKit/537.36 (KHTML, like Gecko) Chrome/139.0.0.0 Safari/537.36', '2025-08-28 16:35:05'),
(371, 1, 'Accessed dashboard', '::1', 'Mozilla/5.0 (Windows NT 10.0; Win64; x64) AppleWebKit/537.36 (KHTML, like Gecko) Chrome/139.0.0.0 Safari/537.36', '2025-08-28 16:36:49'),
(372, 1, 'Accessed dashboard', '::1', 'Mozilla/5.0 (Windows NT 10.0; Win64; x64) AppleWebKit/537.36 (KHTML, like Gecko) Chrome/139.0.0.0 Safari/537.36', '2025-08-28 16:37:20'),
(373, 1, 'Accessed dashboard', '::1', 'Mozilla/5.0 (Windows NT 10.0; Win64; x64) AppleWebKit/537.36 (KHTML, like Gecko) Chrome/139.0.0.0 Safari/537.36', '2025-08-28 18:13:21'),
(374, 1, 'Created new Student: Rahul', '::1', 'Mozilla/5.0 (Windows NT 10.0; Win64; x64) AppleWebKit/537.36 (KHTML, like Gecko) Chrome/139.0.0.0 Safari/537.36', '2025-08-28 19:55:36'),
(375, 1, 'Created new Student: BCC2', '::1', 'Mozilla/5.0 (Windows NT 10.0; Win64; x64) AppleWebKit/537.36 (KHTML, like Gecko) Chrome/139.0.0.0 Safari/537.36', '2025-08-28 20:18:27'),
(376, 1, 'Accessed dashboard', '::1', 'Mozilla/5.0 (Windows NT 10.0; Win64; x64) AppleWebKit/537.36 (KHTML, like Gecko) Chrome/139.0.0.0 Safari/537.36', '2025-08-28 20:23:53'),
(377, 1, 'User logged out', '::1', 'Mozilla/5.0 (Windows NT 10.0; Win64; x64) AppleWebKit/537.36 (KHTML, like Gecko) Chrome/139.0.0.0 Safari/537.36', '2025-08-28 20:24:08'),
(383, 1, 'User logged in', '::1', 'Mozilla/5.0 (Windows NT 10.0; Win64; x64) AppleWebKit/537.36 (KHTML, like Gecko) Chrome/139.0.0.0 Safari/537.36', '2025-08-28 20:27:09'),
(384, 1, 'Accessed dashboard', '::1', 'Mozilla/5.0 (Windows NT 10.0; Win64; x64) AppleWebKit/537.36 (KHTML, like Gecko) Chrome/139.0.0.0 Safari/537.36', '2025-08-28 20:27:09'),
(385, 1, 'Created new Student: BCC2025', '::1', 'Mozilla/5.0 (Windows NT 10.0; Win64; x64) AppleWebKit/537.36 (KHTML, like Gecko) Chrome/139.0.0.0 Safari/537.36', '2025-08-28 20:31:06'),
(386, 1, 'Created new Student: s', '::1', 'Mozilla/5.0 (Windows NT 10.0; Win64; x64) AppleWebKit/537.36 (KHTML, like Gecko) Chrome/139.0.0.0 Safari/537.36', '2025-08-28 20:42:58'),
(387, 1, 'Created new Student: bcc2026', '::1', 'Mozilla/5.0 (Windows NT 10.0; Win64; x64) AppleWebKit/537.36 (KHTML, like Gecko) Chrome/139.0.0.0 Safari/537.36', '2025-08-28 20:44:03'),
(388, 1, 'Accessed dashboard', '::1', 'Mozilla/5.0 (Windows NT 10.0; Win64; x64) AppleWebKit/537.36 (KHTML, like Gecko) Chrome/139.0.0.0 Safari/537.36', '2025-08-28 20:51:46'),
(389, 1, 'Created new Student: bcc2027', '::1', 'Mozilla/5.0 (Windows NT 10.0; Win64; x64) AppleWebKit/537.36 (KHTML, like Gecko) Chrome/139.0.0.0 Safari/537.36', '2025-08-28 21:04:22'),
(390, 1, 'Updated user: BCC2025', '::1', 'Mozilla/5.0 (Windows NT 10.0; Win64; x64) AppleWebKit/537.36 (KHTML, like Gecko) Chrome/139.0.0.0 Safari/537.36', '2025-08-28 21:09:27'),
(391, 1, 'Updated user: BCC2025', '::1', 'Mozilla/5.0 (Windows NT 10.0; Win64; x64) AppleWebKit/537.36 (KHTML, like Gecko) Chrome/139.0.0.0 Safari/537.36', '2025-08-28 21:09:48'),
(392, 1, 'Updated user: BCC2025', '::1', 'Mozilla/5.0 (Windows NT 10.0; Win64; x64) AppleWebKit/537.36 (KHTML, like Gecko) Chrome/139.0.0.0 Safari/537.36', '2025-08-28 21:10:16'),
(393, 1, 'User logged out', '::1', 'Mozilla/5.0 (Windows NT 10.0; Win64; x64) AppleWebKit/537.36 (KHTML, like Gecko) Chrome/139.0.0.0 Safari/537.36', '2025-08-29 04:35:03'),
(394, 1, 'User logged in', '::1', 'Mozilla/5.0 (Windows NT 10.0; Win64; x64) AppleWebKit/537.36 (KHTML, like Gecko) Chrome/139.0.0.0 Safari/537.36', '2025-08-29 04:35:14'),
(395, 1, 'Accessed dashboard', '::1', 'Mozilla/5.0 (Windows NT 10.0; Win64; x64) AppleWebKit/537.36 (KHTML, like Gecko) Chrome/139.0.0.0 Safari/537.36', '2025-08-29 04:35:14'),
(396, 1, 'Accessed dashboard', '::1', 'Mozilla/5.0 (Windows NT 10.0; Win64; x64) AppleWebKit/537.36 (KHTML, like Gecko) Chrome/139.0.0.0 Safari/537.36', '2025-08-29 04:37:51'),
(397, 1, 'Created new Student: BCC202502', '::1', 'Mozilla/5.0 (Windows NT 10.0; Win64; x64) AppleWebKit/537.36 (KHTML, like Gecko) Chrome/139.0.0.0 Safari/537.36', '2025-08-29 04:39:10'),
(398, 1, 'Deactivated user: BCC202502', '::1', 'Mozilla/5.0 (Windows NT 10.0; Win64; x64) AppleWebKit/537.36 (KHTML, like Gecko) Chrome/139.0.0.0 Safari/537.36', '2025-08-29 04:42:05'),
(399, 1, 'Activated user: BCC202502', '::1', 'Mozilla/5.0 (Windows NT 10.0; Win64; x64) AppleWebKit/537.36 (KHTML, like Gecko) Chrome/139.0.0.0 Safari/537.36', '2025-08-29 04:42:24'),
(400, 1, 'Accessed dashboard', '::1', 'Mozilla/5.0 (Windows NT 10.0; Win64; x64) AppleWebKit/537.36 (KHTML, like Gecko) Chrome/139.0.0.0 Safari/537.36', '2025-08-29 04:43:42'),
(401, 1, 'User logged out', '::1', 'Mozilla/5.0 (Windows NT 10.0; Win64; x64) AppleWebKit/537.36 (KHTML, like Gecko) Chrome/139.0.0.0 Safari/537.36', '2025-08-29 04:45:28'),
(402, 14, 'User logged in', '::1', 'Mozilla/5.0 (Windows NT 10.0; Win64; x64) AppleWebKit/537.36 (KHTML, like Gecko) Chrome/139.0.0.0 Safari/537.36', '2025-08-29 04:45:36'),
(403, 14, 'Accessed student dashboard', '::1', 'Mozilla/5.0 (Windows NT 10.0; Win64; x64) AppleWebKit/537.36 (KHTML, like Gecko) Chrome/139.0.0.0 Safari/537.36', '2025-08-29 04:45:36'),
(404, 14, 'Accessed student dashboard', '::1', 'Mozilla/5.0 (Windows NT 10.0; Win64; x64) AppleWebKit/537.36 (KHTML, like Gecko) Chrome/139.0.0.0 Safari/537.36', '2025-08-29 04:53:26'),
(405, 14, 'Accessed student dashboard', '::1', 'Mozilla/5.0 (Windows NT 10.0; Win64; x64) AppleWebKit/537.36 (KHTML, like Gecko) Chrome/139.0.0.0 Safari/537.36', '2025-08-29 04:54:07');
INSERT INTO `activity_log` (`id`, `user_id`, `activity`, `ip_address`, `user_agent`, `created_at`) VALUES
(406, 14, 'Accessed student dashboard', '::1', 'Mozilla/5.0 (iPhone; CPU iPhone OS 15_0 like Mac OS X) AppleWebKit/603.1.30 (KHTML, like Gecko) Version/17.5 Mobile/15A5370a Safari/602.1', '2025-08-29 04:56:30'),
(407, 14, 'Accessed student dashboard', '::1', 'Mozilla/5.0 (Windows NT 10.0; Win64; x64) AppleWebKit/537.36 (KHTML, like Gecko) Chrome/139.0.0.0 Safari/537.36', '2025-08-29 04:56:37'),
(408, 14, 'User logged out', '::1', 'Mozilla/5.0 (Windows NT 10.0; Win64; x64) AppleWebKit/537.36 (KHTML, like Gecko) Chrome/139.0.0.0 Safari/537.36', '2025-08-29 04:57:49'),
(409, 1, 'User logged in', '::1', 'Mozilla/5.0 (Windows NT 10.0; Win64; x64) AppleWebKit/537.36 (KHTML, like Gecko) Chrome/139.0.0.0 Safari/537.36', '2025-08-29 04:58:00'),
(410, 1, 'Accessed dashboard', '::1', 'Mozilla/5.0 (Windows NT 10.0; Win64; x64) AppleWebKit/537.36 (KHTML, like Gecko) Chrome/139.0.0.0 Safari/537.36', '2025-08-29 04:58:00'),
(411, 14, 'User logged in', '::1', 'Mozilla/5.0 (Windows NT 10.0; Win64; x64) AppleWebKit/537.36 (KHTML, like Gecko) Chrome/139.0.0.0 Safari/537.36 Edg/139.0.0.0', '2025-08-29 05:00:44'),
(412, 14, 'Accessed student dashboard', '::1', 'Mozilla/5.0 (Windows NT 10.0; Win64; x64) AppleWebKit/537.36 (KHTML, like Gecko) Chrome/139.0.0.0 Safari/537.36 Edg/139.0.0.0', '2025-08-29 05:00:44'),
(413, 1, 'Deactivated user: BCC202502', '::1', 'Mozilla/5.0 (Windows NT 10.0; Win64; x64) AppleWebKit/537.36 (KHTML, like Gecko) Chrome/139.0.0.0 Safari/537.36', '2025-08-29 05:00:49'),
(414, 14, 'Accessed student dashboard', '::1', 'Mozilla/5.0 (Windows NT 10.0; Win64; x64) AppleWebKit/537.36 (KHTML, like Gecko) Chrome/139.0.0.0 Safari/537.36 Edg/139.0.0.0', '2025-08-29 05:00:56'),
(415, 14, 'Accessed student dashboard', '::1', 'Mozilla/5.0 (Windows NT 10.0; Win64; x64) AppleWebKit/537.36 (KHTML, like Gecko) Chrome/139.0.0.0 Safari/537.36 Edg/139.0.0.0', '2025-08-29 05:00:57'),
(416, 14, 'Accessed student dashboard', '::1', 'Mozilla/5.0 (Windows NT 10.0; Win64; x64) AppleWebKit/537.36 (KHTML, like Gecko) Chrome/139.0.0.0 Safari/537.36 Edg/139.0.0.0', '2025-08-29 05:00:57'),
(417, 14, 'Accessed student dashboard', '::1', 'Mozilla/5.0 (Windows NT 10.0; Win64; x64) AppleWebKit/537.36 (KHTML, like Gecko) Chrome/139.0.0.0 Safari/537.36 Edg/139.0.0.0', '2025-08-29 05:00:57'),
(418, 14, 'Accessed student dashboard', '::1', 'Mozilla/5.0 (Windows NT 10.0; Win64; x64) AppleWebKit/537.36 (KHTML, like Gecko) Chrome/139.0.0.0 Safari/537.36 Edg/139.0.0.0', '2025-08-29 05:00:57'),
(419, 14, 'Accessed student dashboard', '::1', 'Mozilla/5.0 (Windows NT 10.0; Win64; x64) AppleWebKit/537.36 (KHTML, like Gecko) Chrome/139.0.0.0 Safari/537.36 Edg/139.0.0.0', '2025-08-29 05:00:57'),
(420, 14, 'Accessed student dashboard', '::1', 'Mozilla/5.0 (Windows NT 10.0; Win64; x64) AppleWebKit/537.36 (KHTML, like Gecko) Chrome/139.0.0.0 Safari/537.36 Edg/139.0.0.0', '2025-08-29 05:00:58'),
(421, 14, 'Accessed student dashboard', '::1', 'Mozilla/5.0 (Windows NT 10.0; Win64; x64) AppleWebKit/537.36 (KHTML, like Gecko) Chrome/139.0.0.0 Safari/537.36 Edg/139.0.0.0', '2025-08-29 05:00:58'),
(422, 14, 'Accessed student dashboard', '::1', 'Mozilla/5.0 (Windows NT 10.0; Win64; x64) AppleWebKit/537.36 (KHTML, like Gecko) Chrome/139.0.0.0 Safari/537.36 Edg/139.0.0.0', '2025-08-29 05:00:58'),
(423, 14, 'Accessed student dashboard', '::1', 'Mozilla/5.0 (Windows NT 10.0; Win64; x64) AppleWebKit/537.36 (KHTML, like Gecko) Chrome/139.0.0.0 Safari/537.36 Edg/139.0.0.0', '2025-08-29 05:00:58'),
(424, 1, 'Updated user: BCC202502', '::1', 'Mozilla/5.0 (Windows NT 10.0; Win64; x64) AppleWebKit/537.36 (KHTML, like Gecko) Chrome/139.0.0.0 Safari/537.36', '2025-08-29 05:01:29'),
(425, 14, 'Accessed student dashboard', '::1', 'Mozilla/5.0 (Windows NT 10.0; Win64; x64) AppleWebKit/537.36 (KHTML, like Gecko) Chrome/139.0.0.0 Safari/537.36 Edg/139.0.0.0', '2025-08-29 05:01:33'),
(426, 14, 'Accessed student dashboard', '::1', 'Mozilla/5.0 (Windows NT 10.0; Win64; x64) AppleWebKit/537.36 (KHTML, like Gecko) Chrome/139.0.0.0 Safari/537.36 Edg/139.0.0.0', '2025-08-29 05:01:34'),
(427, 14, 'Accessed student dashboard', '::1', 'Mozilla/5.0 (Windows NT 10.0; Win64; x64) AppleWebKit/537.36 (KHTML, like Gecko) Chrome/139.0.0.0 Safari/537.36 Edg/139.0.0.0', '2025-08-29 05:01:34'),
(428, 14, 'Accessed student dashboard', '::1', 'Mozilla/5.0 (Windows NT 10.0; Win64; x64) AppleWebKit/537.36 (KHTML, like Gecko) Chrome/139.0.0.0 Safari/537.36 Edg/139.0.0.0', '2025-08-29 05:01:34'),
(429, 14, 'Accessed student dashboard', '::1', 'Mozilla/5.0 (Windows NT 10.0; Win64; x64) AppleWebKit/537.36 (KHTML, like Gecko) Chrome/139.0.0.0 Safari/537.36 Edg/139.0.0.0', '2025-08-29 05:01:34'),
(430, 14, 'Accessed student dashboard', '::1', 'Mozilla/5.0 (Windows NT 10.0; Win64; x64) AppleWebKit/537.36 (KHTML, like Gecko) Chrome/139.0.0.0 Safari/537.36 Edg/139.0.0.0', '2025-08-29 05:01:34'),
(431, 1, 'Accessed dashboard', '::1', 'Mozilla/5.0 (Windows NT 10.0; Win64; x64) AppleWebKit/537.36 (KHTML, like Gecko) Chrome/139.0.0.0 Safari/537.36', '2025-08-29 05:03:10'),
(432, 1, 'User logged out', '::1', 'Mozilla/5.0 (Windows NT 10.0; Win64; x64) AppleWebKit/537.36 (KHTML, like Gecko) Chrome/139.0.0.0 Safari/537.36', '2025-08-29 05:33:43'),
(433, 1, 'User logged in', '::1', 'Mozilla/5.0 (Windows NT 10.0; Win64; x64) AppleWebKit/537.36 (KHTML, like Gecko) Chrome/139.0.0.0 Safari/537.36', '2025-08-29 05:34:11'),
(434, 1, 'Accessed dashboard', '::1', 'Mozilla/5.0 (Windows NT 10.0; Win64; x64) AppleWebKit/537.36 (KHTML, like Gecko) Chrome/139.0.0.0 Safari/537.36', '2025-08-29 05:34:11'),
(435, 1, 'Accessed dashboard', '::1', 'Mozilla/5.0 (Windows NT 10.0; Win64; x64) AppleWebKit/537.36 (KHTML, like Gecko) Chrome/139.0.0.0 Safari/537.36', '2025-08-29 05:37:11'),
(436, 1, 'Accessed dashboard', '::1', 'Mozilla/5.0 (Windows NT 10.0; Win64; x64) AppleWebKit/537.36 (KHTML, like Gecko) Chrome/139.0.0.0 Safari/537.36', '2025-08-29 05:37:13'),
(437, 1, 'Activated user: BCC202502', '::1', 'Mozilla/5.0 (Windows NT 10.0; Win64; x64) AppleWebKit/537.36 (KHTML, like Gecko) Chrome/139.0.0.0 Safari/537.36', '2025-08-29 05:37:46'),
(438, 1, 'Deactivated user id: 10', '::1', 'Mozilla/5.0 (Windows NT 10.0; Win64; x64) AppleWebKit/537.36 (KHTML, like Gecko) Chrome/139.0.0.0 Safari/537.36', '2025-08-29 05:38:59'),
(439, 1, 'Activated user id: 10', '::1', 'Mozilla/5.0 (Windows NT 10.0; Win64; x64) AppleWebKit/537.36 (KHTML, like Gecko) Chrome/139.0.0.0 Safari/537.36', '2025-08-29 05:39:15'),
(440, 1, 'Deactivated user id: 11', '::1', 'Mozilla/5.0 (Windows NT 10.0; Win64; x64) AppleWebKit/537.36 (KHTML, like Gecko) Chrome/139.0.0.0 Safari/537.36', '2025-08-29 05:39:26'),
(441, 1, 'Activated user id: 11', '::1', 'Mozilla/5.0 (Windows NT 10.0; Win64; x64) AppleWebKit/537.36 (KHTML, like Gecko) Chrome/139.0.0.0 Safari/537.36', '2025-08-29 05:39:45'),
(442, 1, 'Updated user: BCC202502', '::1', 'Mozilla/5.0 (Windows NT 10.0; Win64; x64) AppleWebKit/537.36 (KHTML, like Gecko) Chrome/139.0.0.0 Safari/537.36', '2025-08-29 05:41:30'),
(443, 1, 'Updated user: BCC202502', '::1', 'Mozilla/5.0 (Windows NT 10.0; Win64; x64) AppleWebKit/537.36 (KHTML, like Gecko) Chrome/139.0.0.0 Safari/537.36', '2025-08-29 05:41:58'),
(444, 14, 'User logged in', '::1', 'Mozilla/5.0 (Windows NT 10.0; Win64; x64) AppleWebKit/537.36 (KHTML, like Gecko) Chrome/139.0.0.0 Safari/537.36 Edg/139.0.0.0', '2025-08-29 05:42:11'),
(445, 14, 'Accessed student dashboard', '::1', 'Mozilla/5.0 (Windows NT 10.0; Win64; x64) AppleWebKit/537.36 (KHTML, like Gecko) Chrome/139.0.0.0 Safari/537.36 Edg/139.0.0.0', '2025-08-29 05:42:11'),
(446, 1, 'Updated user: BCC202502', '::1', 'Mozilla/5.0 (Windows NT 10.0; Win64; x64) AppleWebKit/537.36 (KHTML, like Gecko) Chrome/139.0.0.0 Safari/537.36', '2025-08-29 05:42:15'),
(447, 14, 'User logged out', '::1', 'Mozilla/5.0 (Windows NT 10.0; Win64; x64) AppleWebKit/537.36 (KHTML, like Gecko) Chrome/139.0.0.0 Safari/537.36 Edg/139.0.0.0', '2025-08-29 05:42:20'),
(448, 1, 'Updated user: BCC202502', '::1', 'Mozilla/5.0 (Windows NT 10.0; Win64; x64) AppleWebKit/537.36 (KHTML, like Gecko) Chrome/139.0.0.0 Safari/537.36', '2025-08-29 05:42:31'),
(449, 14, 'User logged in', '::1', 'Mozilla/5.0 (Windows NT 10.0; Win64; x64) AppleWebKit/537.36 (KHTML, like Gecko) Chrome/139.0.0.0 Safari/537.36 Edg/139.0.0.0', '2025-08-29 05:42:38'),
(450, 14, 'Accessed student dashboard', '::1', 'Mozilla/5.0 (Windows NT 10.0; Win64; x64) AppleWebKit/537.36 (KHTML, like Gecko) Chrome/139.0.0.0 Safari/537.36 Edg/139.0.0.0', '2025-08-29 05:42:38'),
(451, 1, 'Updated user: BCC202502', '::1', 'Mozilla/5.0 (Windows NT 10.0; Win64; x64) AppleWebKit/537.36 (KHTML, like Gecko) Chrome/139.0.0.0 Safari/537.36', '2025-08-29 05:43:04'),
(452, 1, 'Activated user: BCC202502', '::1', 'Mozilla/5.0 (Windows NT 10.0; Win64; x64) AppleWebKit/537.36 (KHTML, like Gecko) Chrome/139.0.0.0 Safari/537.36', '2025-08-29 05:43:10'),
(453, 1, 'Deactivated user: BCC2025', '::1', 'Mozilla/5.0 (Windows NT 10.0; Win64; x64) AppleWebKit/537.36 (KHTML, like Gecko) Chrome/139.0.0.0 Safari/537.36', '2025-08-29 05:44:32'),
(454, 1, 'Deactivated user: BCC202502', '::1', 'Mozilla/5.0 (Windows NT 10.0; Win64; x64) AppleWebKit/537.36 (KHTML, like Gecko) Chrome/139.0.0.0 Safari/537.36', '2025-08-29 05:44:37'),
(455, 1, 'Deactivated user: BCC202502', '::1', 'Mozilla/5.0 (Windows NT 10.0; Win64; x64) AppleWebKit/537.36 (KHTML, like Gecko) Chrome/139.0.0.0 Safari/537.36', '2025-08-29 05:44:41'),
(456, 1, 'Deactivated user: BCC202502', '::1', 'Mozilla/5.0 (Windows NT 10.0; Win64; x64) AppleWebKit/537.36 (KHTML, like Gecko) Chrome/139.0.0.0 Safari/537.36', '2025-08-29 05:44:45'),
(457, 1, 'Deactivated user: bcc2026', '::1', 'Mozilla/5.0 (Windows NT 10.0; Win64; x64) AppleWebKit/537.36 (KHTML, like Gecko) Chrome/139.0.0.0 Safari/537.36', '2025-08-29 05:44:49'),
(458, 1, 'Deactivated user: bcc2027', '::1', 'Mozilla/5.0 (Windows NT 10.0; Win64; x64) AppleWebKit/537.36 (KHTML, like Gecko) Chrome/139.0.0.0 Safari/537.36', '2025-08-29 05:44:55'),
(459, 1, 'Deactivated user: s', '::1', 'Mozilla/5.0 (Windows NT 10.0; Win64; x64) AppleWebKit/537.36 (KHTML, like Gecko) Chrome/139.0.0.0 Safari/537.36', '2025-08-29 05:44:59'),
(460, 1, 'Activated user: BCC2025', '::1', 'Mozilla/5.0 (Windows NT 10.0; Win64; x64) AppleWebKit/537.36 (KHTML, like Gecko) Chrome/139.0.0.0 Safari/537.36', '2025-08-29 05:46:56'),
(461, 1, 'Activated user: BCC202502', '::1', 'Mozilla/5.0 (Windows NT 10.0; Win64; x64) AppleWebKit/537.36 (KHTML, like Gecko) Chrome/139.0.0.0 Safari/537.36', '2025-08-29 05:46:58'),
(462, 1, 'Activated user: bcc2026', '::1', 'Mozilla/5.0 (Windows NT 10.0; Win64; x64) AppleWebKit/537.36 (KHTML, like Gecko) Chrome/139.0.0.0 Safari/537.36', '2025-08-29 05:46:58'),
(463, 1, 'Activated user: bcc2027', '::1', 'Mozilla/5.0 (Windows NT 10.0; Win64; x64) AppleWebKit/537.36 (KHTML, like Gecko) Chrome/139.0.0.0 Safari/537.36', '2025-08-29 05:46:59'),
(464, 1, 'Activated user: s', '::1', 'Mozilla/5.0 (Windows NT 10.0; Win64; x64) AppleWebKit/537.36 (KHTML, like Gecko) Chrome/139.0.0.0 Safari/537.36', '2025-08-29 05:46:59'),
(465, 1, 'Deactivated user: BCC2025', '::1', 'Mozilla/5.0 (Windows NT 10.0; Win64; x64) AppleWebKit/537.36 (KHTML, like Gecko) Chrome/139.0.0.0 Safari/537.36', '2025-08-29 05:47:01'),
(466, 1, 'Deactivated user: BCC202502', '::1', 'Mozilla/5.0 (Windows NT 10.0; Win64; x64) AppleWebKit/537.36 (KHTML, like Gecko) Chrome/139.0.0.0 Safari/537.36', '2025-08-29 05:47:02'),
(467, 1, 'Deactivated user: bcc2026', '::1', 'Mozilla/5.0 (Windows NT 10.0; Win64; x64) AppleWebKit/537.36 (KHTML, like Gecko) Chrome/139.0.0.0 Safari/537.36', '2025-08-29 05:47:02'),
(468, 1, 'Activated user: BCC2025', '::1', 'Mozilla/5.0 (Windows NT 10.0; Win64; x64) AppleWebKit/537.36 (KHTML, like Gecko) Chrome/139.0.0.0 Safari/537.36', '2025-08-29 05:47:06'),
(469, 1, 'Activated user: bcc2026', '::1', 'Mozilla/5.0 (Windows NT 10.0; Win64; x64) AppleWebKit/537.36 (KHTML, like Gecko) Chrome/139.0.0.0 Safari/537.36', '2025-08-29 05:47:07'),
(470, 14, 'Accessed student dashboard', '::1', 'Mozilla/5.0 (Windows NT 10.0; Win64; x64) AppleWebKit/537.36 (KHTML, like Gecko) Chrome/139.0.0.0 Safari/537.36 Edg/139.0.0.0', '2025-08-29 05:47:11'),
(471, 14, 'Accessed student dashboard', '::1', 'Mozilla/5.0 (Windows NT 10.0; Win64; x64) AppleWebKit/537.36 (KHTML, like Gecko) Chrome/139.0.0.0 Safari/537.36 Edg/139.0.0.0', '2025-08-29 05:47:12'),
(472, 14, 'Accessed student dashboard', '::1', 'Mozilla/5.0 (Windows NT 10.0; Win64; x64) AppleWebKit/537.36 (KHTML, like Gecko) Chrome/139.0.0.0 Safari/537.36 Edg/139.0.0.0', '2025-08-29 05:47:12'),
(473, 1, 'Updated user: BCC202502', '::1', 'Mozilla/5.0 (Windows NT 10.0; Win64; x64) AppleWebKit/537.36 (KHTML, like Gecko) Chrome/139.0.0.0 Safari/537.36', '2025-08-29 05:47:32'),
(474, 14, 'Accessed student dashboard', '::1', 'Mozilla/5.0 (Windows NT 10.0; Win64; x64) AppleWebKit/537.36 (KHTML, like Gecko) Chrome/139.0.0.0 Safari/537.36 Edg/139.0.0.0', '2025-08-29 05:47:35'),
(475, 14, 'Accessed student dashboard', '::1', 'Mozilla/5.0 (Windows NT 10.0; Win64; x64) AppleWebKit/537.36 (KHTML, like Gecko) Chrome/139.0.0.0 Safari/537.36 Edg/139.0.0.0', '2025-08-29 05:47:40'),
(476, 14, 'Accessed student dashboard', '::1', 'Mozilla/5.0 (Windows NT 10.0; Win64; x64) AppleWebKit/537.36 (KHTML, like Gecko) Chrome/139.0.0.0 Safari/537.36 Edg/139.0.0.0', '2025-08-29 05:47:41'),
(477, 14, 'Accessed student dashboard', '::1', 'Mozilla/5.0 (Windows NT 10.0; Win64; x64) AppleWebKit/537.36 (KHTML, like Gecko) Chrome/139.0.0.0 Safari/537.36 Edg/139.0.0.0', '2025-08-29 05:47:42'),
(478, 14, 'Accessed student dashboard', '::1', 'Mozilla/5.0 (Windows NT 10.0; Win64; x64) AppleWebKit/537.36 (KHTML, like Gecko) Chrome/139.0.0.0 Safari/537.36 Edg/139.0.0.0', '2025-08-29 05:47:42'),
(479, 14, 'Accessed student dashboard', '::1', 'Mozilla/5.0 (Windows NT 10.0; Win64; x64) AppleWebKit/537.36 (KHTML, like Gecko) Chrome/139.0.0.0 Safari/537.36 Edg/139.0.0.0', '2025-08-29 05:47:42'),
(480, 14, 'Accessed student dashboard', '::1', 'Mozilla/5.0 (Windows NT 10.0; Win64; x64) AppleWebKit/537.36 (KHTML, like Gecko) Chrome/139.0.0.0 Safari/537.36 Edg/139.0.0.0', '2025-08-29 05:47:43'),
(481, 14, 'Accessed student dashboard', '::1', 'Mozilla/5.0 (Windows NT 10.0; Win64; x64) AppleWebKit/537.36 (KHTML, like Gecko) Chrome/139.0.0.0 Safari/537.36 Edg/139.0.0.0', '2025-08-29 05:47:43'),
(482, 14, 'Accessed student dashboard', '::1', 'Mozilla/5.0 (Windows NT 10.0; Win64; x64) AppleWebKit/537.36 (KHTML, like Gecko) Chrome/139.0.0.0 Safari/537.36 Edg/139.0.0.0', '2025-08-29 05:47:43'),
(483, 14, 'Accessed student dashboard', '::1', 'Mozilla/5.0 (Windows NT 10.0; Win64; x64) AppleWebKit/537.36 (KHTML, like Gecko) Chrome/139.0.0.0 Safari/537.36 Edg/139.0.0.0', '2025-08-29 05:47:43'),
(484, 14, 'Accessed student dashboard', '::1', 'Mozilla/5.0 (Windows NT 10.0; Win64; x64) AppleWebKit/537.36 (KHTML, like Gecko) Chrome/139.0.0.0 Safari/537.36 Edg/139.0.0.0', '2025-08-29 05:47:44'),
(485, 14, 'Accessed student dashboard', '::1', 'Mozilla/5.0 (Windows NT 10.0; Win64; x64) AppleWebKit/537.36 (KHTML, like Gecko) Chrome/139.0.0.0 Safari/537.36 Edg/139.0.0.0', '2025-08-29 05:47:44'),
(486, 14, 'Accessed student dashboard', '::1', 'Mozilla/5.0 (Windows NT 10.0; Win64; x64) AppleWebKit/537.36 (KHTML, like Gecko) Chrome/139.0.0.0 Safari/537.36 Edg/139.0.0.0', '2025-08-29 05:47:44'),
(487, 1, 'Updated user: BCC202502', '::1', 'Mozilla/5.0 (Windows NT 10.0; Win64; x64) AppleWebKit/537.36 (KHTML, like Gecko) Chrome/139.0.0.0 Safari/537.36', '2025-08-29 05:47:50'),
(488, 1, 'Updated user: BCC202502', '::1', 'Mozilla/5.0 (Windows NT 10.0; Win64; x64) AppleWebKit/537.36 (KHTML, like Gecko) Chrome/139.0.0.0 Safari/537.36', '2025-08-29 05:47:52'),
(489, 14, 'Accessed student dashboard', '::1', 'Mozilla/5.0 (Windows NT 10.0; Win64; x64) AppleWebKit/537.36 (KHTML, like Gecko) Chrome/139.0.0.0 Safari/537.36 Edg/139.0.0.0', '2025-08-29 05:47:54'),
(490, 14, 'User logged out', '::1', 'Mozilla/5.0 (Windows NT 10.0; Win64; x64) AppleWebKit/537.36 (KHTML, like Gecko) Chrome/139.0.0.0 Safari/537.36 Edg/139.0.0.0', '2025-08-29 05:47:57'),
(491, 1, 'Updated user: BCC202502', '::1', 'Mozilla/5.0 (Windows NT 10.0; Win64; x64) AppleWebKit/537.36 (KHTML, like Gecko) Chrome/139.0.0.0 Safari/537.36', '2025-08-29 05:48:09'),
(492, 14, 'User logged in', '::1', 'Mozilla/5.0 (Windows NT 10.0; Win64; x64) AppleWebKit/537.36 (KHTML, like Gecko) Chrome/139.0.0.0 Safari/537.36 Edg/139.0.0.0', '2025-08-29 05:48:17'),
(493, 14, 'Accessed student dashboard', '::1', 'Mozilla/5.0 (Windows NT 10.0; Win64; x64) AppleWebKit/537.36 (KHTML, like Gecko) Chrome/139.0.0.0 Safari/537.36 Edg/139.0.0.0', '2025-08-29 05:48:17'),
(494, 1, 'Updated user: BCC202502', '::1', 'Mozilla/5.0 (Windows NT 10.0; Win64; x64) AppleWebKit/537.36 (KHTML, like Gecko) Chrome/139.0.0.0 Safari/537.36', '2025-08-29 05:48:31'),
(495, 1, 'Activated user: BCC202502', '::1', 'Mozilla/5.0 (Windows NT 10.0; Win64; x64) AppleWebKit/537.36 (KHTML, like Gecko) Chrome/139.0.0.0 Safari/537.36', '2025-08-29 05:48:36'),
(496, 1, 'Deactivated user: BCC202502', '::1', 'Mozilla/5.0 (Windows NT 10.0; Win64; x64) AppleWebKit/537.36 (KHTML, like Gecko) Chrome/139.0.0.0 Safari/537.36', '2025-08-29 05:48:37'),
(497, 1, 'Activated user: BCC202502', '::1', 'Mozilla/5.0 (Windows NT 10.0; Win64; x64) AppleWebKit/537.36 (KHTML, like Gecko) Chrome/139.0.0.0 Safari/537.36', '2025-08-29 05:48:38'),
(498, 1, 'Deactivated user: BCC202502', '::1', 'Mozilla/5.0 (Windows NT 10.0; Win64; x64) AppleWebKit/537.36 (KHTML, like Gecko) Chrome/139.0.0.0 Safari/537.36', '2025-08-29 05:48:39'),
(499, 1, 'Activated user: BCC202502', '::1', 'Mozilla/5.0 (Windows NT 10.0; Win64; x64) AppleWebKit/537.36 (KHTML, like Gecko) Chrome/139.0.0.0 Safari/537.36', '2025-08-29 05:48:41'),
(500, 1, 'Deactivated user: BCC202502', '::1', 'Mozilla/5.0 (Windows NT 10.0; Win64; x64) AppleWebKit/537.36 (KHTML, like Gecko) Chrome/139.0.0.0 Safari/537.36', '2025-08-29 05:48:42'),
(501, 1, 'Activated user: BCC202502', '::1', 'Mozilla/5.0 (Windows NT 10.0; Win64; x64) AppleWebKit/537.36 (KHTML, like Gecko) Chrome/139.0.0.0 Safari/537.36', '2025-08-29 05:48:51'),
(502, 1, 'Deactivated user: BCC202502', '::1', 'Mozilla/5.0 (Windows NT 10.0; Win64; x64) AppleWebKit/537.36 (KHTML, like Gecko) Chrome/139.0.0.0 Safari/537.36', '2025-08-29 05:48:58'),
(503, 14, 'User logged out', '::1', 'Mozilla/5.0 (Windows NT 10.0; Win64; x64) AppleWebKit/537.36 (KHTML, like Gecko) Chrome/139.0.0.0 Safari/537.36 Edg/139.0.0.0', '2025-08-29 05:49:00'),
(504, 1, 'Activated user: BCC202502', '::1', 'Mozilla/5.0 (Windows NT 10.0; Win64; x64) AppleWebKit/537.36 (KHTML, like Gecko) Chrome/139.0.0.0 Safari/537.36', '2025-08-29 05:49:09'),
(505, 14, 'User logged in', '::1', 'Mozilla/5.0 (Windows NT 10.0; Win64; x64) AppleWebKit/537.36 (KHTML, like Gecko) Chrome/139.0.0.0 Safari/537.36 Edg/139.0.0.0', '2025-08-29 05:49:17'),
(506, 14, 'Accessed student dashboard', '::1', 'Mozilla/5.0 (Windows NT 10.0; Win64; x64) AppleWebKit/537.36 (KHTML, like Gecko) Chrome/139.0.0.0 Safari/537.36 Edg/139.0.0.0', '2025-08-29 05:49:17'),
(507, 1, 'Updated user: BCC202502', '::1', 'Mozilla/5.0 (Windows NT 10.0; Win64; x64) AppleWebKit/537.36 (KHTML, like Gecko) Chrome/139.0.0.0 Safari/537.36', '2025-08-29 05:50:26'),
(508, 1, 'Updated user: simran', '::1', 'Mozilla/5.0 (Windows NT 10.0; Win64; x64) AppleWebKit/537.36 (KHTML, like Gecko) Chrome/139.0.0.0 Safari/537.36', '2025-08-29 05:50:45'),
(509, 1, 'Deactivated user: BCC2025', '::1', 'Mozilla/5.0 (Windows NT 10.0; Win64; x64) AppleWebKit/537.36 (KHTML, like Gecko) Chrome/139.0.0.0 Safari/537.36', '2025-08-29 05:56:57'),
(510, 1, 'Created new Student: Swati', '::1', 'Mozilla/5.0 (Windows NT 10.0; Win64; x64) AppleWebKit/537.36 (KHTML, like Gecko) Chrome/139.0.0.0 Safari/537.36', '2025-08-29 07:37:39'),
(511, 1, 'Accessed dashboard', '::1', 'Mozilla/5.0 (Windows NT 10.0; Win64; x64) AppleWebKit/537.36 (KHTML, like Gecko) Chrome/139.0.0.0 Safari/537.36', '2025-08-29 07:37:43'),
(512, 1, 'Created new Student: BCC202501', '::1', 'Mozilla/5.0 (Windows NT 10.0; Win64; x64) AppleWebKit/537.36 (KHTML, like Gecko) Chrome/139.0.0.0 Safari/537.36', '2025-08-29 08:26:42'),
(513, 1, 'Activated user: BCC2025', '::1', 'Mozilla/5.0 (Windows NT 10.0; Win64; x64) AppleWebKit/537.36 (KHTML, like Gecko) Chrome/139.0.0.0 Safari/537.36', '2025-08-29 08:26:53'),
(514, 1, 'Updated user: BCC2025003', '::1', 'Mozilla/5.0 (Windows NT 10.0; Win64; x64) AppleWebKit/537.36 (KHTML, like Gecko) Chrome/139.0.0.0 Safari/537.36', '2025-08-29 08:42:22'),
(515, 1, 'Updated user: BCC2025003', '::1', 'Mozilla/5.0 (Windows NT 10.0; Win64; x64) AppleWebKit/537.36 (KHTML, like Gecko) Chrome/139.0.0.0 Safari/537.36', '2025-08-29 08:43:36'),
(516, 1, 'Updated user: BCC2025003', '::1', 'Mozilla/5.0 (Windows NT 10.0; Win64; x64) AppleWebKit/537.36 (KHTML, like Gecko) Chrome/139.0.0.0 Safari/537.36', '2025-08-29 08:43:45'),
(517, 1, 'Updated user: BCC2025003', '::1', 'Mozilla/5.0 (Windows NT 10.0; Win64; x64) AppleWebKit/537.36 (KHTML, like Gecko) Chrome/139.0.0.0 Safari/537.36', '2025-08-29 08:44:02'),
(518, 1, 'Updated user: BCC25001', '::1', 'Mozilla/5.0 (Windows NT 10.0; Win64; x64) AppleWebKit/537.36 (KHTML, like Gecko) Chrome/139.0.0.0 Safari/537.36', '2025-08-29 08:44:17'),
(519, 1, 'Updated user: BCC2502', '::1', 'Mozilla/5.0 (Windows NT 10.0; Win64; x64) AppleWebKit/537.36 (KHTML, like Gecko) Chrome/139.0.0.0 Safari/537.36', '2025-08-29 08:44:34'),
(520, 1, 'Updated user: BCC2501', '::1', 'Mozilla/5.0 (Windows NT 10.0; Win64; x64) AppleWebKit/537.36 (KHTML, like Gecko) Chrome/139.0.0.0 Safari/537.36', '2025-08-29 08:44:52'),
(521, 1, 'Updated user: BCC2503', '::1', 'Mozilla/5.0 (Windows NT 10.0; Win64; x64) AppleWebKit/537.36 (KHTML, like Gecko) Chrome/139.0.0.0 Safari/537.36', '2025-08-29 08:45:06'),
(522, 1, 'Updated user: BCC2504', '::1', 'Mozilla/5.0 (Windows NT 10.0; Win64; x64) AppleWebKit/537.36 (KHTML, like Gecko) Chrome/139.0.0.0 Safari/537.36', '2025-08-29 08:45:14'),
(523, 1, 'Updated user: BCC2505', '::1', 'Mozilla/5.0 (Windows NT 10.0; Win64; x64) AppleWebKit/537.36 (KHTML, like Gecko) Chrome/139.0.0.0 Safari/537.36', '2025-08-29 08:45:26'),
(524, 1, 'Updated user: BCC2506', '::1', 'Mozilla/5.0 (Windows NT 10.0; Win64; x64) AppleWebKit/537.36 (KHTML, like Gecko) Chrome/139.0.0.0 Safari/537.36', '2025-08-29 08:45:39'),
(525, 1, 'Updated user: BCC2507', '::1', 'Mozilla/5.0 (Windows NT 10.0; Win64; x64) AppleWebKit/537.36 (KHTML, like Gecko) Chrome/139.0.0.0 Safari/537.36', '2025-08-29 08:45:53'),
(526, 1, 'Accessed dashboard', '::1', 'Mozilla/5.0 (Windows NT 10.0; Win64; x64) AppleWebKit/537.36 (KHTML, like Gecko) Chrome/139.0.0.0 Safari/537.36', '2025-08-29 08:52:12'),
(527, 1, 'Accessed dashboard', '::1', 'Mozilla/5.0 (Windows NT 10.0; Win64; x64) AppleWebKit/537.36 (KHTML, like Gecko) Chrome/139.0.0.0 Safari/537.36', '2025-08-29 08:56:49'),
(528, 1, 'Accessed dashboard', '::1', 'Mozilla/5.0 (Windows NT 10.0; Win64; x64) AppleWebKit/537.36 (KHTML, like Gecko) Chrome/139.0.0.0 Safari/537.36', '2025-08-29 08:58:25'),
(529, 1, 'Deactivated user: BCC2507', '::1', 'Mozilla/5.0 (Windows NT 10.0; Win64; x64) AppleWebKit/537.36 (KHTML, like Gecko) Chrome/139.0.0.0 Safari/537.36', '2025-08-29 08:59:41'),
(530, 1, 'Activated user: BCC2507', '::1', 'Mozilla/5.0 (Windows NT 10.0; Win64; x64) AppleWebKit/537.36 (KHTML, like Gecko) Chrome/139.0.0.0 Safari/537.36', '2025-08-29 08:59:43'),
(531, 1, 'Deactivated user: BCC2507', '::1', 'Mozilla/5.0 (Windows NT 10.0; Win64; x64) AppleWebKit/537.36 (KHTML, like Gecko) Chrome/139.0.0.0 Safari/537.36', '2025-08-29 08:59:44'),
(532, 1, 'Activated user: BCC2507', '::1', 'Mozilla/5.0 (Windows NT 10.0; Win64; x64) AppleWebKit/537.36 (KHTML, like Gecko) Chrome/139.0.0.0 Safari/537.36', '2025-08-29 08:59:45'),
(533, 1, 'Deactivated user: BCC2507', '::1', 'Mozilla/5.0 (Windows NT 10.0; Win64; x64) AppleWebKit/537.36 (KHTML, like Gecko) Chrome/139.0.0.0 Safari/537.36', '2025-08-29 08:59:46'),
(534, 1, 'Activated user: BCC2507', '::1', 'Mozilla/5.0 (Windows NT 10.0; Win64; x64) AppleWebKit/537.36 (KHTML, like Gecko) Chrome/139.0.0.0 Safari/537.36', '2025-08-29 08:59:47'),
(535, 1, 'User logged out', '::1', 'Mozilla/5.0 (Windows NT 10.0; Win64; x64) AppleWebKit/537.36 (KHTML, like Gecko) Chrome/139.0.0.0 Safari/537.36', '2025-08-29 12:05:51'),
(536, 1, 'User logged in', '::1', 'Mozilla/5.0 (Windows NT 10.0; Win64; x64) AppleWebKit/537.36 (KHTML, like Gecko) Chrome/139.0.0.0 Safari/537.36', '2025-08-29 12:06:03'),
(537, 1, 'Accessed dashboard', '::1', 'Mozilla/5.0 (Windows NT 10.0; Win64; x64) AppleWebKit/537.36 (KHTML, like Gecko) Chrome/139.0.0.0 Safari/537.36', '2025-08-29 12:06:03'),
(538, 1, 'Created new Student: BCC202510', '::1', 'Mozilla/5.0 (Windows NT 10.0; Win64; x64) AppleWebKit/537.36 (KHTML, like Gecko) Chrome/139.0.0.0 Safari/537.36', '2025-08-29 12:15:55'),
(539, 1, 'Updated user: BCC202508', '::1', 'Mozilla/5.0 (Windows NT 10.0; Win64; x64) AppleWebKit/537.36 (KHTML, like Gecko) Chrome/139.0.0.0 Safari/537.36', '2025-08-29 12:16:08'),
(540, 1, 'Created new Admin: BCC2511', '::1', 'Mozilla/5.0 (Windows NT 10.0; Win64; x64) AppleWebKit/537.36 (KHTML, like Gecko) Chrome/139.0.0.0 Safari/537.36', '2025-08-29 12:24:34'),
(541, 1, 'Accessed dashboard', '::1', 'Mozilla/5.0 (Windows NT 10.0; Win64; x64) AppleWebKit/537.36 (KHTML, like Gecko) Chrome/139.0.0.0 Safari/537.36', '2025-08-29 12:24:36'),
(542, 1, 'Created new Student: BCC2512', '::1', 'Mozilla/5.0 (Windows NT 10.0; Win64; x64) AppleWebKit/537.36 (KHTML, like Gecko) Chrome/139.0.0.0 Safari/537.36', '2025-08-29 12:46:21'),
(543, 15, 'User logged in', '::1', 'Mozilla/5.0 (Windows NT 10.0; Win64; x64) AppleWebKit/537.36 (KHTML, like Gecko) Chrome/139.0.0.0 Safari/537.36 Edg/139.0.0.0', '2025-08-29 14:09:41'),
(544, 15, 'Accessed student dashboard', '::1', 'Mozilla/5.0 (Windows NT 10.0; Win64; x64) AppleWebKit/537.36 (KHTML, like Gecko) Chrome/139.0.0.0 Safari/537.36 Edg/139.0.0.0', '2025-08-29 14:09:41'),
(545, 15, 'Accessed student dashboard', '::1', 'Mozilla/5.0 (Windows NT 10.0; Win64; x64) AppleWebKit/537.36 (KHTML, like Gecko) Chrome/139.0.0.0 Safari/537.36 Edg/139.0.0.0', '2025-08-29 14:10:08'),
(546, 15, 'Accessed student dashboard', '::1', 'Mozilla/5.0 (Windows NT 10.0; Win64; x64) AppleWebKit/537.36 (KHTML, like Gecko) Chrome/139.0.0.0 Safari/537.36 Edg/139.0.0.0', '2025-08-29 14:11:23'),
(547, 15, 'Accessed student dashboard', '::1', 'Mozilla/5.0 (Windows NT 10.0; Win64; x64) AppleWebKit/537.36 (KHTML, like Gecko) Chrome/139.0.0.0 Safari/537.36 Edg/139.0.0.0', '2025-08-29 14:11:31'),
(548, 15, 'Accessed student dashboard', '::1', 'Mozilla/5.0 (Windows NT 10.0; Win64; x64) AppleWebKit/537.36 (KHTML, like Gecko) Chrome/139.0.0.0 Safari/537.36 Edg/139.0.0.0', '2025-08-29 14:14:48'),
(549, 15, 'Accessed student dashboard', '::1', 'Mozilla/5.0 (Windows NT 10.0; Win64; x64) AppleWebKit/537.36 (KHTML, like Gecko) Chrome/139.0.0.0 Safari/537.36 Edg/139.0.0.0', '2025-08-29 14:14:49'),
(550, 15, 'Accessed student dashboard', '::1', 'Mozilla/5.0 (Windows NT 10.0; Win64; x64) AppleWebKit/537.36 (KHTML, like Gecko) Chrome/139.0.0.0 Safari/537.36 Edg/139.0.0.0', '2025-08-29 14:14:49'),
(551, 15, 'Accessed student dashboard', '::1', 'Mozilla/5.0 (Windows NT 10.0; Win64; x64) AppleWebKit/537.36 (KHTML, like Gecko) Chrome/139.0.0.0 Safari/537.36 Edg/139.0.0.0', '2025-08-29 14:14:49'),
(552, 15, 'Accessed student dashboard', '::1', 'Mozilla/5.0 (Windows NT 10.0; Win64; x64) AppleWebKit/537.36 (KHTML, like Gecko) Chrome/139.0.0.0 Safari/537.36 Edg/139.0.0.0', '2025-08-29 14:14:49'),
(553, 15, 'Accessed student dashboard', '::1', 'Mozilla/5.0 (Windows NT 10.0; Win64; x64) AppleWebKit/537.36 (KHTML, like Gecko) Chrome/139.0.0.0 Safari/537.36 Edg/139.0.0.0', '2025-08-29 14:15:14'),
(554, 15, 'Accessed student dashboard', '::1', 'Mozilla/5.0 (Windows NT 10.0; Win64; x64) AppleWebKit/537.36 (KHTML, like Gecko) Chrome/139.0.0.0 Safari/537.36 Edg/139.0.0.0', '2025-08-29 14:15:19'),
(555, 15, 'Accessed student dashboard', '::1', 'Mozilla/5.0 (Windows NT 10.0; Win64; x64) AppleWebKit/537.36 (KHTML, like Gecko) Chrome/139.0.0.0 Safari/537.36 Edg/139.0.0.0', '2025-08-29 14:15:35'),
(556, 15, 'Accessed student dashboard', '::1', 'Mozilla/5.0 (Windows NT 10.0; Win64; x64) AppleWebKit/537.36 (KHTML, like Gecko) Chrome/139.0.0.0 Safari/537.36 Edg/139.0.0.0', '2025-08-29 14:15:46'),
(557, 15, 'Accessed student dashboard', '::1', 'Mozilla/5.0 (Windows NT 10.0; Win64; x64) AppleWebKit/537.36 (KHTML, like Gecko) Chrome/139.0.0.0 Safari/537.36 Edg/139.0.0.0', '2025-08-29 14:39:44'),
(558, 15, 'Accessed student dashboard', '::1', 'Mozilla/5.0 (Windows NT 10.0; Win64; x64) AppleWebKit/537.36 (KHTML, like Gecko) Chrome/139.0.0.0 Safari/537.36 Edg/139.0.0.0', '2025-08-29 14:39:52'),
(559, 15, 'Accessed student dashboard', '::1', 'Mozilla/5.0 (Windows NT 10.0; Win64; x64) AppleWebKit/537.36 (KHTML, like Gecko) Chrome/139.0.0.0 Safari/537.36 Edg/139.0.0.0', '2025-08-29 14:40:15'),
(560, 15, 'Accessed student dashboard', '::1', 'Mozilla/5.0 (Windows NT 10.0; Win64; x64) AppleWebKit/537.36 (KHTML, like Gecko) Chrome/139.0.0.0 Safari/537.36 Edg/139.0.0.0', '2025-08-29 14:44:27'),
(561, 15, 'Accessed student dashboard', '::1', 'Mozilla/5.0 (Windows NT 10.0; Win64; x64) AppleWebKit/537.36 (KHTML, like Gecko) Chrome/139.0.0.0 Safari/537.36 Edg/139.0.0.0', '2025-08-29 14:44:39'),
(562, 15, 'Accessed student dashboard', '::1', 'Mozilla/5.0 (Windows NT 10.0; Win64; x64) AppleWebKit/537.36 (KHTML, like Gecko) Chrome/139.0.0.0 Safari/537.36 Edg/139.0.0.0', '2025-08-29 14:44:41'),
(563, 15, 'Accessed student dashboard', '::1', 'Mozilla/5.0 (Windows NT 10.0; Win64; x64) AppleWebKit/537.36 (KHTML, like Gecko) Chrome/139.0.0.0 Safari/537.36 Edg/139.0.0.0', '2025-08-29 14:44:42'),
(564, 15, 'Accessed student dashboard', '::1', 'Mozilla/5.0 (Windows NT 10.0; Win64; x64) AppleWebKit/537.36 (KHTML, like Gecko) Chrome/139.0.0.0 Safari/537.36 Edg/139.0.0.0', '2025-08-29 14:44:42'),
(565, 15, 'Accessed student dashboard', '::1', 'Mozilla/5.0 (Windows NT 10.0; Win64; x64) AppleWebKit/537.36 (KHTML, like Gecko) Chrome/139.0.0.0 Safari/537.36 Edg/139.0.0.0', '2025-08-29 14:44:42'),
(566, 15, 'Accessed student dashboard', '::1', 'Mozilla/5.0 (Windows NT 10.0; Win64; x64) AppleWebKit/537.36 (KHTML, like Gecko) Chrome/139.0.0.0 Safari/537.36 Edg/139.0.0.0', '2025-08-29 14:44:43'),
(567, 15, 'Accessed student dashboard', '::1', 'Mozilla/5.0 (Windows NT 10.0; Win64; x64) AppleWebKit/537.36 (KHTML, like Gecko) Chrome/139.0.0.0 Safari/537.36 Edg/139.0.0.0', '2025-08-29 14:44:43'),
(568, 15, 'Accessed student dashboard', '::1', 'Mozilla/5.0 (Windows NT 10.0; Win64; x64) AppleWebKit/537.36 (KHTML, like Gecko) Chrome/139.0.0.0 Safari/537.36 Edg/139.0.0.0', '2025-08-29 14:44:43'),
(569, 15, 'Accessed student dashboard', '::1', 'Mozilla/5.0 (Windows NT 10.0; Win64; x64) AppleWebKit/537.36 (KHTML, like Gecko) Chrome/139.0.0.0 Safari/537.36 Edg/139.0.0.0', '2025-08-29 14:44:43'),
(570, 15, 'Accessed student dashboard', '::1', 'Mozilla/5.0 (Windows NT 10.0; Win64; x64) AppleWebKit/537.36 (KHTML, like Gecko) Chrome/139.0.0.0 Safari/537.36 Edg/139.0.0.0', '2025-08-29 14:44:43'),
(571, 15, 'Accessed student dashboard', '::1', 'Mozilla/5.0 (Windows NT 10.0; Win64; x64) AppleWebKit/537.36 (KHTML, like Gecko) Chrome/139.0.0.0 Safari/537.36 Edg/139.0.0.0', '2025-08-29 14:44:44'),
(572, 15, 'Accessed student dashboard', '::1', 'Mozilla/5.0 (Windows NT 10.0; Win64; x64) AppleWebKit/537.36 (KHTML, like Gecko) Chrome/139.0.0.0 Safari/537.36 Edg/139.0.0.0', '2025-08-29 14:44:44'),
(573, 1, 'User logged out', '::1', 'Mozilla/5.0 (Windows NT 10.0; Win64; x64) AppleWebKit/537.36 (KHTML, like Gecko) Chrome/139.0.0.0 Safari/537.36', '2025-08-29 14:46:18'),
(574, 15, 'Accessed student dashboard', '::1', 'Mozilla/5.0 (Windows NT 10.0; Win64; x64) AppleWebKit/537.36 (KHTML, like Gecko) Chrome/139.0.0.0 Safari/537.36 Edg/139.0.0.0', '2025-08-29 14:47:36'),
(575, 15, 'Accessed student dashboard', '::1', 'Mozilla/5.0 (Windows NT 10.0; Win64; x64) AppleWebKit/537.36 (KHTML, like Gecko) Chrome/139.0.0.0 Safari/537.36 Edg/139.0.0.0', '2025-08-29 14:47:57'),
(576, 15, 'Accessed student dashboard', '::1', 'Mozilla/5.0 (Windows NT 10.0; Win64; x64) AppleWebKit/537.36 (KHTML, like Gecko) Chrome/139.0.0.0 Safari/537.36 Edg/139.0.0.0', '2025-08-29 14:51:13'),
(577, 15, 'Accessed student dashboard', '::1', 'Mozilla/5.0 (Windows NT 10.0; Win64; x64) AppleWebKit/537.36 (KHTML, like Gecko) Chrome/139.0.0.0 Safari/537.36 Edg/139.0.0.0', '2025-08-29 14:51:15'),
(578, 15, 'Accessed student dashboard', '::1', 'Mozilla/5.0 (Windows NT 10.0; Win64; x64) AppleWebKit/537.36 (KHTML, like Gecko) Chrome/139.0.0.0 Safari/537.36 Edg/139.0.0.0', '2025-08-29 14:51:17'),
(579, 15, 'Accessed student dashboard', '::1', 'Mozilla/5.0 (Windows NT 10.0; Win64; x64) AppleWebKit/537.36 (KHTML, like Gecko) Chrome/139.0.0.0 Safari/537.36 Edg/139.0.0.0', '2025-08-29 14:51:24'),
(580, 15, 'Accessed student dashboard', '::1', 'Mozilla/5.0 (Windows NT 10.0; Win64; x64) AppleWebKit/537.36 (KHTML, like Gecko) Chrome/139.0.0.0 Safari/537.36 Edg/139.0.0.0', '2025-08-29 14:53:24'),
(581, 15, 'Accessed student dashboard', '::1', 'Mozilla/5.0 (Windows NT 10.0; Win64; x64) AppleWebKit/537.36 (KHTML, like Gecko) Chrome/139.0.0.0 Safari/537.36 Edg/139.0.0.0', '2025-08-29 14:53:42'),
(582, 15, 'Accessed student dashboard', '::1', 'Mozilla/5.0 (Windows NT 10.0; Win64; x64) AppleWebKit/537.36 (KHTML, like Gecko) Chrome/139.0.0.0 Safari/537.36 Edg/139.0.0.0', '2025-08-29 14:57:36'),
(583, 15, 'Accessed student dashboard', '::1', 'Mozilla/5.0 (Windows NT 10.0; Win64; x64) AppleWebKit/537.36 (KHTML, like Gecko) Chrome/139.0.0.0 Safari/537.36 Edg/139.0.0.0', '2025-08-29 14:57:54'),
(584, 15, 'Accessed student dashboard', '::1', 'Mozilla/5.0 (Windows NT 10.0; Win64; x64) AppleWebKit/537.36 (KHTML, like Gecko) Chrome/139.0.0.0 Safari/537.36 Edg/139.0.0.0', '2025-08-29 14:58:09'),
(585, 15, 'Accessed student dashboard', '::1', 'Mozilla/5.0 (Windows NT 10.0; Win64; x64) AppleWebKit/537.36 (KHTML, like Gecko) Chrome/139.0.0.0 Safari/537.36 Edg/139.0.0.0', '2025-08-29 14:58:57'),
(586, 1, 'User logged in', '::1', 'Mozilla/5.0 (Windows NT 10.0; Win64; x64) AppleWebKit/537.36 (KHTML, like Gecko) Chrome/139.0.0.0 Safari/537.36', '2025-08-29 15:01:06'),
(587, 1, 'Accessed dashboard', '::1', 'Mozilla/5.0 (Windows NT 10.0; Win64; x64) AppleWebKit/537.36 (KHTML, like Gecko) Chrome/139.0.0.0 Safari/537.36', '2025-08-29 15:01:06'),
(588, 15, 'Accessed student dashboard', '::1', 'Mozilla/5.0 (Windows NT 10.0; Win64; x64) AppleWebKit/537.36 (KHTML, like Gecko) Chrome/139.0.0.0 Safari/537.36 Edg/139.0.0.0', '2025-08-29 15:02:15'),
(589, 15, 'Accessed student dashboard', '::1', 'Mozilla/5.0 (Windows NT 10.0; Win64; x64) AppleWebKit/537.36 (KHTML, like Gecko) Chrome/139.0.0.0 Safari/537.36 Edg/139.0.0.0', '2025-08-29 15:18:13'),
(590, 15, 'Accessed student dashboard', '::1', 'Mozilla/5.0 (Windows NT 10.0; Win64; x64) AppleWebKit/537.36 (KHTML, like Gecko) Chrome/139.0.0.0 Safari/537.36 Edg/139.0.0.0', '2025-08-29 15:18:46'),
(591, 15, 'Accessed student dashboard', '::1', 'Mozilla/5.0 (Windows NT 10.0; Win64; x64) AppleWebKit/537.36 (KHTML, like Gecko) Chrome/139.0.0.0 Safari/537.36 Edg/139.0.0.0', '2025-08-29 15:22:28'),
(592, 15, 'Accessed student dashboard', '::1', 'Mozilla/5.0 (Windows NT 10.0; Win64; x64) AppleWebKit/537.36 (KHTML, like Gecko) Chrome/139.0.0.0 Safari/537.36 Edg/139.0.0.0', '2025-08-29 15:22:30'),
(593, 15, 'Accessed student dashboard', '::1', 'Mozilla/5.0 (Windows NT 10.0; Win64; x64) AppleWebKit/537.36 (KHTML, like Gecko) Chrome/139.0.0.0 Safari/537.36 Edg/139.0.0.0', '2025-08-29 15:22:30'),
(594, 15, 'Accessed student dashboard', '::1', 'Mozilla/5.0 (Windows NT 10.0; Win64; x64) AppleWebKit/537.36 (KHTML, like Gecko) Chrome/139.0.0.0 Safari/537.36 Edg/139.0.0.0', '2025-08-29 15:22:30'),
(595, 1, 'User logged out', '::1', 'Mozilla/5.0 (Windows NT 10.0; Win64; x64) AppleWebKit/537.36 (KHTML, like Gecko) Chrome/139.0.0.0 Safari/537.36', '2025-08-29 16:41:32'),
(596, 1, 'User logged in', '::1', 'Mozilla/5.0 (Windows NT 10.0; Win64; x64) AppleWebKit/537.36 (KHTML, like Gecko) Chrome/139.0.0.0 Safari/537.36', '2025-08-29 16:41:41'),
(597, 1, 'Accessed dashboard', '::1', 'Mozilla/5.0 (Windows NT 10.0; Win64; x64) AppleWebKit/537.36 (KHTML, like Gecko) Chrome/139.0.0.0 Safari/537.36', '2025-08-29 16:41:42'),
(598, 15, 'User logged out', '::1', 'Mozilla/5.0 (Windows NT 10.0; Win64; x64) AppleWebKit/537.36 (KHTML, like Gecko) Chrome/139.0.0.0 Safari/537.36 Edg/139.0.0.0', '2025-08-29 16:56:18'),
(599, 15, 'User logged in', '::1', 'Mozilla/5.0 (Windows NT 10.0; Win64; x64) AppleWebKit/537.36 (KHTML, like Gecko) Chrome/139.0.0.0 Safari/537.36 Edg/139.0.0.0', '2025-08-29 16:56:31'),
(600, 15, 'Accessed student dashboard', '::1', 'Mozilla/5.0 (Windows NT 10.0; Win64; x64) AppleWebKit/537.36 (KHTML, like Gecko) Chrome/139.0.0.0 Safari/537.36 Edg/139.0.0.0', '2025-08-29 16:56:31'),
(601, 1, 'Accessed dashboard', '::1', 'Mozilla/5.0 (Windows NT 10.0; Win64; x64) AppleWebKit/537.36 (KHTML, like Gecko) Chrome/139.0.0.0 Safari/537.36', '2025-08-29 16:58:06'),
(602, 1, 'Accessed dashboard', '::1', 'Mozilla/5.0 (Windows NT 10.0; Win64; x64) AppleWebKit/537.36 (KHTML, like Gecko) Chrome/139.0.0.0 Safari/537.36', '2025-08-29 16:58:46'),
(603, 15, 'Accessed student dashboard', '::1', 'Mozilla/5.0 (Windows NT 10.0; Win64; x64) AppleWebKit/537.36 (KHTML, like Gecko) Chrome/139.0.0.0 Safari/537.36 Edg/139.0.0.0', '2025-08-29 17:21:01'),
(604, 15, 'Accessed student dashboard', '::1', 'Mozilla/5.0 (Windows NT 10.0; Win64; x64) AppleWebKit/537.36 (KHTML, like Gecko) Chrome/139.0.0.0 Safari/537.36 Edg/139.0.0.0', '2025-08-29 17:21:02'),
(605, 15, 'Accessed student dashboard', '::1', 'Mozilla/5.0 (Windows NT 10.0; Win64; x64) AppleWebKit/537.36 (KHTML, like Gecko) Chrome/139.0.0.0 Safari/537.36 Edg/139.0.0.0', '2025-08-29 17:21:02'),
(606, 15, 'Accessed student dashboard', '::1', 'Mozilla/5.0 (Windows NT 10.0; Win64; x64) AppleWebKit/537.36 (KHTML, like Gecko) Chrome/139.0.0.0 Safari/537.36 Edg/139.0.0.0', '2025-08-29 17:21:02'),
(607, 15, 'Accessed student dashboard', '::1', 'Mozilla/5.0 (Windows NT 10.0; Win64; x64) AppleWebKit/537.36 (KHTML, like Gecko) Chrome/139.0.0.0 Safari/537.36 Edg/139.0.0.0', '2025-08-29 17:21:02'),
(608, 15, 'Accessed student dashboard', '::1', 'Mozilla/5.0 (Windows NT 10.0; Win64; x64) AppleWebKit/537.36 (KHTML, like Gecko) Chrome/139.0.0.0 Safari/537.36 Edg/139.0.0.0', '2025-08-29 17:21:03'),
(609, 15, 'Accessed student dashboard', '::1', 'Mozilla/5.0 (Windows NT 10.0; Win64; x64) AppleWebKit/537.36 (KHTML, like Gecko) Chrome/139.0.0.0 Safari/537.36 Edg/139.0.0.0', '2025-08-29 17:21:03'),
(610, 15, 'Accessed student dashboard', '::1', 'Mozilla/5.0 (Windows NT 10.0; Win64; x64) AppleWebKit/537.36 (KHTML, like Gecko) Chrome/139.0.0.0 Safari/537.36 Edg/139.0.0.0', '2025-08-29 17:21:03'),
(611, 15, 'Accessed student dashboard', '::1', 'Mozilla/5.0 (Windows NT 10.0; Win64; x64) AppleWebKit/537.36 (KHTML, like Gecko) Chrome/139.0.0.0 Safari/537.36 Edg/139.0.0.0', '2025-08-29 17:21:03'),
(612, 15, 'Accessed student dashboard', '::1', 'Mozilla/5.0 (Windows NT 10.0; Win64; x64) AppleWebKit/537.36 (KHTML, like Gecko) Chrome/139.0.0.0 Safari/537.36 Edg/139.0.0.0', '2025-08-29 17:21:03'),
(613, 15, 'Accessed student dashboard', '::1', 'Mozilla/5.0 (Windows NT 10.0; Win64; x64) AppleWebKit/537.36 (KHTML, like Gecko) Chrome/139.0.0.0 Safari/537.36 Edg/139.0.0.0', '2025-08-29 17:21:03'),
(614, 15, 'Accessed student dashboard', '::1', 'Mozilla/5.0 (Windows NT 10.0; Win64; x64) AppleWebKit/537.36 (KHTML, like Gecko) Chrome/139.0.0.0 Safari/537.36 Edg/139.0.0.0', '2025-08-29 17:21:04'),
(615, 15, 'Accessed student dashboard', '::1', 'Mozilla/5.0 (Windows NT 10.0; Win64; x64) AppleWebKit/537.36 (KHTML, like Gecko) Chrome/139.0.0.0 Safari/537.36 Edg/139.0.0.0', '2025-08-29 17:21:04'),
(616, 15, 'Accessed student dashboard', '::1', 'Mozilla/5.0 (Windows NT 10.0; Win64; x64) AppleWebKit/537.36 (KHTML, like Gecko) Chrome/139.0.0.0 Safari/537.36 Edg/139.0.0.0', '2025-08-29 17:21:04'),
(617, 15, 'Accessed student dashboard', '::1', 'Mozilla/5.0 (Windows NT 10.0; Win64; x64) AppleWebKit/537.36 (KHTML, like Gecko) Chrome/139.0.0.0 Safari/537.36 Edg/139.0.0.0', '2025-08-29 17:24:55'),
(618, 15, 'Accessed student dashboard', '::1', 'Mozilla/5.0 (Windows NT 10.0; Win64; x64) AppleWebKit/537.36 (KHTML, like Gecko) Chrome/139.0.0.0 Safari/537.36 Edg/139.0.0.0', '2025-08-29 17:24:56'),
(619, 15, 'Accessed student dashboard', '::1', 'Mozilla/5.0 (Windows NT 10.0; Win64; x64) AppleWebKit/537.36 (KHTML, like Gecko) Chrome/139.0.0.0 Safari/537.36 Edg/139.0.0.0', '2025-08-29 17:24:56'),
(620, 15, 'Accessed student dashboard', '::1', 'Mozilla/5.0 (Windows NT 10.0; Win64; x64) AppleWebKit/537.36 (KHTML, like Gecko) Chrome/139.0.0.0 Safari/537.36 Edg/139.0.0.0', '2025-08-29 17:24:57'),
(621, 15, 'Accessed student dashboard', '::1', 'Mozilla/5.0 (Windows NT 10.0; Win64; x64) AppleWebKit/537.36 (KHTML, like Gecko) Chrome/139.0.0.0 Safari/537.36 Edg/139.0.0.0', '2025-08-29 17:24:57'),
(622, 15, 'Accessed student dashboard', '::1', 'Mozilla/5.0 (Windows NT 10.0; Win64; x64) AppleWebKit/537.36 (KHTML, like Gecko) Chrome/139.0.0.0 Safari/537.36 Edg/139.0.0.0', '2025-08-29 17:24:57'),
(623, 15, 'Accessed student dashboard', '::1', 'Mozilla/5.0 (Windows NT 10.0; Win64; x64) AppleWebKit/537.36 (KHTML, like Gecko) Chrome/139.0.0.0 Safari/537.36 Edg/139.0.0.0', '2025-08-29 17:24:57'),
(624, 15, 'Accessed student dashboard', '::1', 'Mozilla/5.0 (Windows NT 10.0; Win64; x64) AppleWebKit/537.36 (KHTML, like Gecko) Chrome/139.0.0.0 Safari/537.36 Edg/139.0.0.0', '2025-08-29 17:24:57'),
(625, 15, 'Accessed student dashboard', '::1', 'Mozilla/5.0 (Windows NT 10.0; Win64; x64) AppleWebKit/537.36 (KHTML, like Gecko) Chrome/139.0.0.0 Safari/537.36 Edg/139.0.0.0', '2025-08-29 17:24:57'),
(626, 15, 'Accessed student dashboard', '::1', 'Mozilla/5.0 (Windows NT 10.0; Win64; x64) AppleWebKit/537.36 (KHTML, like Gecko) Chrome/139.0.0.0 Safari/537.36 Edg/139.0.0.0', '2025-08-29 17:24:58'),
(627, 15, 'Accessed student dashboard', '::1', 'Mozilla/5.0 (Windows NT 10.0; Win64; x64) AppleWebKit/537.36 (KHTML, like Gecko) Chrome/139.0.0.0 Safari/537.36 Edg/139.0.0.0', '2025-08-29 17:24:58'),
(628, 15, 'Accessed student dashboard', '::1', 'Mozilla/5.0 (Windows NT 10.0; Win64; x64) AppleWebKit/537.36 (KHTML, like Gecko) Chrome/139.0.0.0 Safari/537.36 Edg/139.0.0.0', '2025-08-29 17:25:40'),
(629, 15, 'Accessed student dashboard', '::1', 'Mozilla/5.0 (Windows NT 10.0; Win64; x64) AppleWebKit/537.36 (KHTML, like Gecko) Chrome/139.0.0.0 Safari/537.36 Edg/139.0.0.0', '2025-08-29 17:27:01'),
(630, 15, 'Accessed student dashboard', '::1', 'Mozilla/5.0 (Windows NT 10.0; Win64; x64) AppleWebKit/537.36 (KHTML, like Gecko) Chrome/139.0.0.0 Safari/537.36 Edg/139.0.0.0', '2025-08-29 17:28:06'),
(631, 15, 'Accessed student dashboard', '::1', 'Mozilla/5.0 (Windows NT 10.0; Win64; x64) AppleWebKit/537.36 (KHTML, like Gecko) Chrome/139.0.0.0 Safari/537.36 Edg/139.0.0.0', '2025-08-29 17:28:42'),
(632, 15, 'Accessed student dashboard', '::1', 'Mozilla/5.0 (Windows NT 10.0; Win64; x64) AppleWebKit/537.36 (KHTML, like Gecko) Chrome/139.0.0.0 Safari/537.36 Edg/139.0.0.0', '2025-08-29 17:28:43'),
(633, 15, 'Accessed student dashboard', '::1', 'Mozilla/5.0 (Windows NT 10.0; Win64; x64) AppleWebKit/537.36 (KHTML, like Gecko) Chrome/139.0.0.0 Safari/537.36 Edg/139.0.0.0', '2025-08-29 17:28:43'),
(634, 15, 'Accessed student dashboard', '::1', 'Mozilla/5.0 (Windows NT 10.0; Win64; x64) AppleWebKit/537.36 (KHTML, like Gecko) Chrome/139.0.0.0 Safari/537.36 Edg/139.0.0.0', '2025-08-29 17:28:43'),
(635, 15, 'Accessed student dashboard', '::1', 'Mozilla/5.0 (Windows NT 10.0; Win64; x64) AppleWebKit/537.36 (KHTML, like Gecko) Chrome/139.0.0.0 Safari/537.36 Edg/139.0.0.0', '2025-08-29 17:28:43'),
(636, 15, 'Accessed student dashboard', '::1', 'Mozilla/5.0 (Windows NT 10.0; Win64; x64) AppleWebKit/537.36 (KHTML, like Gecko) Chrome/139.0.0.0 Safari/537.36 Edg/139.0.0.0', '2025-08-29 17:28:44'),
(637, 15, 'Accessed student dashboard', '::1', 'Mozilla/5.0 (Windows NT 10.0; Win64; x64) AppleWebKit/537.36 (KHTML, like Gecko) Chrome/139.0.0.0 Safari/537.36 Edg/139.0.0.0', '2025-08-29 17:28:44'),
(638, 15, 'Accessed student dashboard', '::1', 'Mozilla/5.0 (Windows NT 10.0; Win64; x64) AppleWebKit/537.36 (KHTML, like Gecko) Chrome/139.0.0.0 Safari/537.36 Edg/139.0.0.0', '2025-08-29 17:28:44'),
(639, 15, 'Accessed student dashboard', '::1', 'Mozilla/5.0 (Windows NT 10.0; Win64; x64) AppleWebKit/537.36 (KHTML, like Gecko) Chrome/139.0.0.0 Safari/537.36 Edg/139.0.0.0', '2025-08-29 17:29:03'),
(640, 15, 'Accessed student dashboard', '::1', 'Mozilla/5.0 (Windows NT 10.0; Win64; x64) AppleWebKit/537.36 (KHTML, like Gecko) Chrome/139.0.0.0 Safari/537.36 Edg/139.0.0.0', '2025-08-29 17:29:25'),
(641, 15, 'Accessed student dashboard', '::1', 'Mozilla/5.0 (Windows NT 10.0; Win64; x64) AppleWebKit/537.36 (KHTML, like Gecko) Chrome/139.0.0.0 Safari/537.36 Edg/139.0.0.0', '2025-08-29 17:32:10'),
(642, 15, 'Accessed student dashboard', '::1', 'Mozilla/5.0 (Windows NT 10.0; Win64; x64) AppleWebKit/537.36 (KHTML, like Gecko) Chrome/139.0.0.0 Safari/537.36 Edg/139.0.0.0', '2025-08-29 17:47:54'),
(643, 1, 'Accessed dashboard', '::1', 'Mozilla/5.0 (Windows NT 10.0; Win64; x64) AppleWebKit/537.36 (KHTML, like Gecko) Chrome/139.0.0.0 Safari/537.36', '2025-08-29 17:48:18'),
(644, 1, 'Accessed dashboard', '::1', 'Mozilla/5.0 (Windows NT 10.0; Win64; x64) AppleWebKit/537.36 (KHTML, like Gecko) Chrome/139.0.0.0 Safari/537.36', '2025-08-29 18:21:11'),
(645, 1, 'Accessed dashboard', '::1', 'Mozilla/5.0 (Windows NT 10.0; Win64; x64) AppleWebKit/537.36 (KHTML, like Gecko) Chrome/139.0.0.0 Safari/537.36', '2025-08-29 18:21:13'),
(646, 1, 'Accessed dashboard', '::1', 'Mozilla/5.0 (Windows NT 10.0; Win64; x64) AppleWebKit/537.36 (KHTML, like Gecko) Chrome/139.0.0.0 Safari/537.36', '2025-08-29 18:21:55'),
(647, 1, 'Accessed dashboard', '::1', 'Mozilla/5.0 (Windows NT 10.0; Win64; x64) AppleWebKit/537.36 (KHTML, like Gecko) Chrome/139.0.0.0 Safari/537.36', '2025-08-29 18:23:41'),
(648, 15, 'User logged out', '::1', 'Mozilla/5.0 (Windows NT 10.0; Win64; x64) AppleWebKit/537.36 (KHTML, like Gecko) Chrome/139.0.0.0 Safari/537.36 Edg/139.0.0.0', '2025-08-29 18:23:59'),
(649, 1, 'Accessed dashboard', '::1', 'Mozilla/5.0 (Windows NT 10.0; Win64; x64) AppleWebKit/537.36 (KHTML, like Gecko) Chrome/139.0.0.0 Safari/537.36', '2025-08-29 18:28:27'),
(650, 1, 'Created new Student: 2025012', '::1', 'Mozilla/5.0 (Windows NT 10.0; Win64; x64) AppleWebKit/537.36 (KHTML, like Gecko) Chrome/139.0.0.0 Safari/537.36', '2025-08-29 18:33:38'),
(651, 1, 'Accessed dashboard', '::1', 'Mozilla/5.0 (Windows NT 10.0; Win64; x64) AppleWebKit/537.36 (KHTML, like Gecko) Chrome/139.0.0.0 Safari/537.36', '2025-08-29 18:33:41'),
(652, 20, 'User logged in', '::1', 'Mozilla/5.0 (Windows NT 10.0; Win64; x64) AppleWebKit/537.36 (KHTML, like Gecko) Chrome/139.0.0.0 Safari/537.36 Edg/139.0.0.0', '2025-08-29 18:38:34'),
(653, 20, 'Accessed student dashboard', '::1', 'Mozilla/5.0 (Windows NT 10.0; Win64; x64) AppleWebKit/537.36 (KHTML, like Gecko) Chrome/139.0.0.0 Safari/537.36 Edg/139.0.0.0', '2025-08-29 18:38:34'),
(654, 1, 'Accessed dashboard', '::1', 'Mozilla/5.0 (iPhone; CPU iPhone OS 15_0 like Mac OS X) AppleWebKit/603.1.30 (KHTML, like Gecko) Version/17.5 Mobile/15A5370a Safari/602.1', '2025-08-29 18:51:06'),
(655, 1, 'User logged out', '::1', 'Mozilla/5.0 (Windows NT 10.0; Win64; x64) AppleWebKit/537.36 (KHTML, like Gecko) Chrome/139.0.0.0 Safari/537.36', '2025-08-30 03:32:50'),
(656, 1, 'User logged in', '::1', 'Mozilla/5.0 (Windows NT 10.0; Win64; x64) AppleWebKit/537.36 (KHTML, like Gecko) Chrome/139.0.0.0 Safari/537.36', '2025-08-30 03:33:06'),
(657, 1, 'Accessed dashboard', '::1', 'Mozilla/5.0 (Windows NT 10.0; Win64; x64) AppleWebKit/537.36 (KHTML, like Gecko) Chrome/139.0.0.0 Safari/537.36', '2025-08-30 03:33:06'),
(658, 1, 'User logged out', '::1', 'Mozilla/5.0 (Windows NT 10.0; Win64; x64) AppleWebKit/537.36 (KHTML, like Gecko) Chrome/139.0.0.0 Safari/537.36', '2025-08-30 03:49:23'),
(659, 15, 'User logged in', '::1', 'Mozilla/5.0 (Windows NT 10.0; Win64; x64) AppleWebKit/537.36 (KHTML, like Gecko) Chrome/139.0.0.0 Safari/537.36', '2025-08-30 03:49:31'),
(660, 15, 'Accessed student dashboard', '::1', 'Mozilla/5.0 (Windows NT 10.0; Win64; x64) AppleWebKit/537.36 (KHTML, like Gecko) Chrome/139.0.0.0 Safari/537.36', '2025-08-30 03:49:31'),
(661, 15, 'Accessed student dashboard', '::1', 'Mozilla/5.0 (Windows NT 10.0; Win64; x64) AppleWebKit/537.36 (KHTML, like Gecko) Chrome/139.0.0.0 Safari/537.36', '2025-08-30 03:49:54'),
(662, 15, 'User logged out', '::1', 'Mozilla/5.0 (Windows NT 10.0; Win64; x64) AppleWebKit/537.36 (KHTML, like Gecko) Chrome/139.0.0.0 Safari/537.36', '2025-08-30 03:53:55'),
(663, 1, 'User logged in', '::1', 'Mozilla/5.0 (Windows NT 10.0; Win64; x64) AppleWebKit/537.36 (KHTML, like Gecko) Chrome/139.0.0.0 Safari/537.36', '2025-08-30 03:54:05'),
(664, 1, 'Accessed dashboard', '::1', 'Mozilla/5.0 (Windows NT 10.0; Win64; x64) AppleWebKit/537.36 (KHTML, like Gecko) Chrome/139.0.0.0 Safari/537.36', '2025-08-30 03:54:05'),
(665, 1, 'User logged out', '::1', 'Mozilla/5.0 (Windows NT 10.0; Win64; x64) AppleWebKit/537.36 (KHTML, like Gecko) Chrome/139.0.0.0 Safari/537.36', '2025-08-30 08:38:06'),
(666, 1, 'User logged in', '::1', 'Mozilla/5.0 (Windows NT 10.0; Win64; x64) AppleWebKit/537.36 (KHTML, like Gecko) Chrome/139.0.0.0 Safari/537.36', '2025-08-30 08:38:16'),
(667, 1, 'Accessed dashboard', '::1', 'Mozilla/5.0 (Windows NT 10.0; Win64; x64) AppleWebKit/537.36 (KHTML, like Gecko) Chrome/139.0.0.0 Safari/537.36', '2025-08-30 08:38:16'),
(668, 1, 'Accessed dashboard', '::1', 'Mozilla/5.0 (Windows NT 10.0; Win64; x64) AppleWebKit/537.36 (KHTML, like Gecko) Chrome/139.0.0.0 Safari/537.36', '2025-08-30 08:39:58'),
(669, 1, 'Accessed dashboard', '::1', 'Mozilla/5.0 (Windows NT 10.0; Win64; x64) AppleWebKit/537.36 (KHTML, like Gecko) Chrome/139.0.0.0 Safari/537.36', '2025-08-30 08:39:59');
INSERT INTO `activity_log` (`id`, `user_id`, `activity`, `ip_address`, `user_agent`, `created_at`) VALUES
(670, 1, 'Accessed dashboard', '::1', 'Mozilla/5.0 (Windows NT 10.0; Win64; x64) AppleWebKit/537.36 (KHTML, like Gecko) Chrome/139.0.0.0 Safari/537.36', '2025-08-30 08:40:01'),
(671, 1, 'Accessed dashboard', '::1', 'Mozilla/5.0 (Windows NT 10.0; Win64; x64) AppleWebKit/537.36 (KHTML, like Gecko) Chrome/139.0.0.0 Safari/537.36', '2025-08-30 08:40:01'),
(672, 1, 'Accessed dashboard', '::1', 'Mozilla/5.0 (Windows NT 10.0; Win64; x64) AppleWebKit/537.36 (KHTML, like Gecko) Chrome/139.0.0.0 Safari/537.36', '2025-08-30 08:40:01'),
(673, 1, 'Accessed dashboard', '::1', 'Mozilla/5.0 (Windows NT 10.0; Win64; x64) AppleWebKit/537.36 (KHTML, like Gecko) Chrome/139.0.0.0 Safari/537.36', '2025-08-30 08:40:01'),
(674, 1, 'Accessed dashboard', '::1', 'Mozilla/5.0 (Windows NT 10.0; Win64; x64) AppleWebKit/537.36 (KHTML, like Gecko) Chrome/139.0.0.0 Safari/537.36', '2025-08-30 09:53:50'),
(675, 1, 'Created new Student: 202513', '::1', 'Mozilla/5.0 (Windows NT 10.0; Win64; x64) AppleWebKit/537.36 (KHTML, like Gecko) Chrome/139.0.0.0 Safari/537.36', '2025-08-30 09:55:22'),
(676, 1, 'Accessed dashboard', '::1', 'Mozilla/5.0 (Windows NT 10.0; Win64; x64) AppleWebKit/537.36 (KHTML, like Gecko) Chrome/139.0.0.0 Safari/537.36', '2025-08-30 09:55:25'),
(677, 1, 'Accessed dashboard', '::1', 'Mozilla/5.0 (Windows NT 10.0; Win64; x64) AppleWebKit/537.36 (KHTML, like Gecko) Chrome/139.0.0.0 Safari/537.36', '2025-08-30 10:08:04'),
(678, 1, 'Accessed dashboard', '::1', 'Mozilla/5.0 (Windows NT 10.0; Win64; x64) AppleWebKit/537.36 (KHTML, like Gecko) Chrome/139.0.0.0 Safari/537.36', '2025-08-30 10:08:26'),
(679, 1, 'Accessed dashboard', '::1', 'Mozilla/5.0 (Windows NT 10.0; Win64; x64) AppleWebKit/537.36 (KHTML, like Gecko) Chrome/139.0.0.0 Safari/537.36', '2025-08-30 10:08:50'),
(680, 1, 'Accessed dashboard', '::1', 'Mozilla/5.0 (Windows NT 10.0; Win64; x64) AppleWebKit/537.36 (KHTML, like Gecko) Chrome/139.0.0.0 Safari/537.36', '2025-08-30 10:09:01'),
(681, 1, 'Accessed dashboard', '::1', 'Mozilla/5.0 (Windows NT 10.0; Win64; x64) AppleWebKit/537.36 (KHTML, like Gecko) Chrome/139.0.0.0 Safari/537.36', '2025-08-30 10:09:35'),
(682, 1, 'Accessed dashboard', '::1', 'Mozilla/5.0 (Windows NT 10.0; Win64; x64) AppleWebKit/537.36 (KHTML, like Gecko) Chrome/139.0.0.0 Safari/537.36', '2025-08-30 10:10:31'),
(683, 1, 'Accessed dashboard', '::1', 'Mozilla/5.0 (Windows NT 10.0; Win64; x64) AppleWebKit/537.36 (KHTML, like Gecko) Chrome/139.0.0.0 Safari/537.36', '2025-08-30 10:10:46'),
(684, 1, 'Accessed dashboard', '::1', 'Mozilla/5.0 (Windows NT 10.0; Win64; x64) AppleWebKit/537.36 (KHTML, like Gecko) Chrome/139.0.0.0 Safari/537.36', '2025-08-30 10:10:48'),
(685, 1, 'Accessed dashboard', '::1', 'Mozilla/5.0 (Windows NT 10.0; Win64; x64) AppleWebKit/537.36 (KHTML, like Gecko) Chrome/139.0.0.0 Safari/537.36', '2025-08-30 10:10:49'),
(686, 1, 'Accessed dashboard', '::1', 'Mozilla/5.0 (Windows NT 10.0; Win64; x64) AppleWebKit/537.36 (KHTML, like Gecko) Chrome/139.0.0.0 Safari/537.36', '2025-08-30 10:10:56'),
(687, 1, 'Accessed dashboard', '::1', 'Mozilla/5.0 (Windows NT 10.0; Win64; x64) AppleWebKit/537.36 (KHTML, like Gecko) Chrome/139.0.0.0 Safari/537.36', '2025-08-30 10:11:17'),
(688, 1, 'Accessed dashboard', '::1', 'Mozilla/5.0 (Windows NT 10.0; Win64; x64) AppleWebKit/537.36 (KHTML, like Gecko) Chrome/139.0.0.0 Safari/537.36', '2025-08-30 10:11:18'),
(689, 1, 'Accessed dashboard', '::1', 'Mozilla/5.0 (Windows NT 10.0; Win64; x64) AppleWebKit/537.36 (KHTML, like Gecko) Chrome/139.0.0.0 Safari/537.36', '2025-08-30 10:11:28'),
(690, 1, 'Accessed dashboard', '::1', 'Mozilla/5.0 (Windows NT 10.0; Win64; x64) AppleWebKit/537.36 (KHTML, like Gecko) Chrome/139.0.0.0 Safari/537.36', '2025-08-30 10:11:29'),
(691, 1, 'Accessed dashboard', '::1', 'Mozilla/5.0 (Windows NT 10.0; Win64; x64) AppleWebKit/537.36 (KHTML, like Gecko) Chrome/139.0.0.0 Safari/537.36', '2025-08-30 10:11:30'),
(692, 1, 'Accessed dashboard', '::1', 'Mozilla/5.0 (Windows NT 10.0; Win64; x64) AppleWebKit/537.36 (KHTML, like Gecko) Chrome/139.0.0.0 Safari/537.36', '2025-08-30 10:11:45'),
(693, 1, 'Accessed dashboard', '::1', 'Mozilla/5.0 (Windows NT 10.0; Win64; x64) AppleWebKit/537.36 (KHTML, like Gecko) Chrome/139.0.0.0 Safari/537.36', '2025-08-30 10:11:58'),
(694, 1, 'Accessed dashboard', '::1', 'Mozilla/5.0 (Windows NT 10.0; Win64; x64) AppleWebKit/537.36 (KHTML, like Gecko) Chrome/139.0.0.0 Safari/537.36', '2025-08-30 10:15:35'),
(695, 1, 'Accessed dashboard', '::1', 'Mozilla/5.0 (iPhone; CPU iPhone OS 15_0 like Mac OS X) AppleWebKit/603.1.30 (KHTML, like Gecko) Version/17.5 Mobile/15A5370a Safari/602.1', '2025-08-30 10:15:44'),
(696, 1, 'Accessed dashboard', '::1', 'Mozilla/5.0 (Windows NT 10.0; Win64; x64) AppleWebKit/537.36 (KHTML, like Gecko) Chrome/139.0.0.0 Safari/537.36', '2025-08-30 10:15:54'),
(697, 1, 'User logged out', '::1', 'Mozilla/5.0 (Windows NT 10.0; Win64; x64) AppleWebKit/537.36 (KHTML, like Gecko) Chrome/139.0.0.0 Safari/537.36', '2025-08-30 10:37:20'),
(698, 13, 'User logged in', '::1', 'Mozilla/5.0 (Windows NT 10.0; Win64; x64) AppleWebKit/537.36 (KHTML, like Gecko) Chrome/139.0.0.0 Safari/537.36', '2025-08-30 10:37:26'),
(699, 13, 'Accessed student dashboard', '::1', 'Mozilla/5.0 (Windows NT 10.0; Win64; x64) AppleWebKit/537.36 (KHTML, like Gecko) Chrome/139.0.0.0 Safari/537.36', '2025-08-30 10:37:27'),
(700, 13, 'Accessed student dashboard', '::1', 'Mozilla/5.0 (Windows NT 10.0; Win64; x64) AppleWebKit/537.36 (KHTML, like Gecko) Chrome/139.0.0.0 Safari/537.36', '2025-08-30 10:39:43'),
(701, 13, 'Accessed student dashboard', '::1', 'Mozilla/5.0 (Windows NT 10.0; Win64; x64) AppleWebKit/537.36 (KHTML, like Gecko) Chrome/139.0.0.0 Safari/537.36', '2025-08-30 10:39:45'),
(702, 13, 'Accessed student dashboard', '::1', 'Mozilla/5.0 (Windows NT 10.0; Win64; x64) AppleWebKit/537.36 (KHTML, like Gecko) Chrome/139.0.0.0 Safari/537.36', '2025-08-30 10:39:45'),
(703, 13, 'Accessed student dashboard', '::1', 'Mozilla/5.0 (Windows NT 10.0; Win64; x64) AppleWebKit/537.36 (KHTML, like Gecko) Chrome/139.0.0.0 Safari/537.36', '2025-08-30 10:39:46'),
(704, 13, 'Accessed student dashboard', '::1', 'Mozilla/5.0 (Windows NT 10.0; Win64; x64) AppleWebKit/537.36 (KHTML, like Gecko) Chrome/139.0.0.0 Safari/537.36', '2025-08-30 10:39:46'),
(705, 13, 'Accessed student dashboard', '::1', 'Mozilla/5.0 (Windows NT 10.0; Win64; x64) AppleWebKit/537.36 (KHTML, like Gecko) Chrome/139.0.0.0 Safari/537.36', '2025-08-30 10:39:46'),
(706, 13, 'Accessed dashboard', '::1', 'Mozilla/5.0 (Windows NT 10.0; Win64; x64) AppleWebKit/537.36 (KHTML, like Gecko) Chrome/139.0.0.0 Safari/537.36', '2025-08-30 10:39:47'),
(707, 13, 'Accessed student dashboard', '::1', 'Mozilla/5.0 (Windows NT 10.0; Win64; x64) AppleWebKit/537.36 (KHTML, like Gecko) Chrome/139.0.0.0 Safari/537.36', '2025-08-30 10:39:55'),
(708, 13, 'Accessed student dashboard', '::1', 'Mozilla/5.0 (Windows NT 10.0; Win64; x64) AppleWebKit/537.36 (KHTML, like Gecko) Chrome/139.0.0.0 Safari/537.36', '2025-08-30 10:42:48'),
(709, 13, 'Accessed student dashboard', '::1', 'Mozilla/5.0 (Windows NT 10.0; Win64; x64) AppleWebKit/537.36 (KHTML, like Gecko) Chrome/139.0.0.0 Safari/537.36', '2025-08-30 10:43:04'),
(710, 1, 'User logged in', '::1', 'Mozilla/5.0 (Windows NT 10.0; Win64; x64) AppleWebKit/537.36 (KHTML, like Gecko) Chrome/139.0.0.0 Safari/537.36', '2025-08-30 13:22:06'),
(711, 1, 'Accessed dashboard', '::1', 'Mozilla/5.0 (Windows NT 10.0; Win64; x64) AppleWebKit/537.36 (KHTML, like Gecko) Chrome/139.0.0.0 Safari/537.36', '2025-08-30 13:22:06'),
(712, 1, 'Created new Student: BCC25013', '::1', 'Mozilla/5.0 (Windows NT 10.0; Win64; x64) AppleWebKit/537.36 (KHTML, like Gecko) Chrome/139.0.0.0 Safari/537.36', '2025-08-30 13:23:20'),
(713, 1, 'Accessed dashboard', '::1', 'Mozilla/5.0 (Windows NT 10.0; Win64; x64) AppleWebKit/537.36 (KHTML, like Gecko) Chrome/139.0.0.0 Safari/537.36', '2025-08-30 13:23:23'),
(714, 1, 'User logged out', '::1', 'Mozilla/5.0 (Windows NT 10.0; Win64; x64) AppleWebKit/537.36 (KHTML, like Gecko) Chrome/139.0.0.0 Safari/537.36', '2025-08-30 13:31:04'),
(715, 22, 'User logged in', '::1', 'Mozilla/5.0 (Windows NT 10.0; Win64; x64) AppleWebKit/537.36 (KHTML, like Gecko) Chrome/139.0.0.0 Safari/537.36', '2025-08-30 13:31:13'),
(716, 22, 'Accessed student dashboard', '::1', 'Mozilla/5.0 (Windows NT 10.0; Win64; x64) AppleWebKit/537.36 (KHTML, like Gecko) Chrome/139.0.0.0 Safari/537.36', '2025-08-30 13:31:14'),
(717, 22, 'User logged out', '::1', 'Mozilla/5.0 (Windows NT 10.0; Win64; x64) AppleWebKit/537.36 (KHTML, like Gecko) Chrome/139.0.0.0 Safari/537.36', '2025-08-30 13:32:10'),
(718, 1, 'User logged in', '::1', 'Mozilla/5.0 (Windows NT 10.0; Win64; x64) AppleWebKit/537.36 (KHTML, like Gecko) Chrome/139.0.0.0 Safari/537.36', '2025-08-30 13:32:37'),
(719, 1, 'Accessed dashboard', '::1', 'Mozilla/5.0 (Windows NT 10.0; Win64; x64) AppleWebKit/537.36 (KHTML, like Gecko) Chrome/139.0.0.0 Safari/537.36', '2025-08-30 13:32:37'),
(720, 1, 'Deactivated user: BCC25013', '::1', 'Mozilla/5.0 (Windows NT 10.0; Win64; x64) AppleWebKit/537.36 (KHTML, like Gecko) Chrome/139.0.0.0 Safari/537.36', '2025-08-30 13:32:50'),
(721, 1, 'Activated user: BCC25013', '::1', 'Mozilla/5.0 (Windows NT 10.0; Win64; x64) AppleWebKit/537.36 (KHTML, like Gecko) Chrome/139.0.0.0 Safari/537.36', '2025-08-30 13:33:13'),
(722, 1, 'Accessed dashboard', '::1', 'Mozilla/5.0 (Windows NT 10.0; Win64; x64) AppleWebKit/537.36 (KHTML, like Gecko) Chrome/139.0.0.0 Safari/537.36', '2025-08-30 13:33:52'),
(723, 1, 'Accessed dashboard', '::1', 'Mozilla/5.0 (Windows NT 10.0; Win64; x64) AppleWebKit/537.36 (KHTML, like Gecko) Chrome/139.0.0.0 Safari/537.36', '2025-08-30 13:46:01'),
(724, 1, 'Accessed dashboard', '::1', 'Mozilla/5.0 (Windows NT 10.0; Win64; x64) AppleWebKit/537.36 (KHTML, like Gecko) Chrome/139.0.0.0 Safari/537.36', '2025-08-30 13:51:08'),
(725, 1, 'Accessed dashboard', '::1', 'Mozilla/5.0 (iPhone; CPU iPhone OS 15_0 like Mac OS X) AppleWebKit/603.1.30 (KHTML, like Gecko) Version/17.5 Mobile/15A5370a Safari/602.1', '2025-08-30 13:51:24'),
(726, 1, 'Accessed dashboard', '::1', 'Mozilla/5.0 (iPhone; CPU iPhone OS 15_0 like Mac OS X) AppleWebKit/603.1.30 (KHTML, like Gecko) Version/17.5 Mobile/15A5370a Safari/602.1', '2025-08-30 13:51:43'),
(727, 1, 'Accessed dashboard', '::1', 'Mozilla/5.0 (iPhone; CPU iPhone OS 15_0 like Mac OS X) AppleWebKit/603.1.30 (KHTML, like Gecko) Version/17.5 Mobile/15A5370a Safari/602.1', '2025-08-30 13:52:19'),
(728, 1, 'Accessed dashboard', '::1', 'Mozilla/5.0 (Windows NT 10.0; Win64; x64) AppleWebKit/537.36 (KHTML, like Gecko) Chrome/139.0.0.0 Safari/537.36', '2025-08-30 13:52:30'),
(729, 1, 'User logged out', '::1', 'Mozilla/5.0 (Windows NT 10.0; Win64; x64) AppleWebKit/537.36 (KHTML, like Gecko) Chrome/139.0.0.0 Safari/537.36', '2025-08-30 15:10:29'),
(730, 1, 'User logged in', '::1', 'Mozilla/5.0 (Windows NT 10.0; Win64; x64) AppleWebKit/537.36 (KHTML, like Gecko) Chrome/139.0.0.0 Safari/537.36', '2025-08-30 15:10:38'),
(731, 1, 'Accessed dashboard', '::1', 'Mozilla/5.0 (Windows NT 10.0; Win64; x64) AppleWebKit/537.36 (KHTML, like Gecko) Chrome/139.0.0.0 Safari/537.36', '2025-08-30 15:10:38'),
(732, 1, 'Accessed dashboard', '::1', 'Mozilla/5.0 (Windows NT 10.0; Win64; x64) AppleWebKit/537.36 (KHTML, like Gecko) Chrome/139.0.0.0 Safari/537.36', '2025-08-30 16:28:26'),
(733, 1, 'User logged out', '::1', 'Mozilla/5.0 (Windows NT 10.0; Win64; x64) AppleWebKit/537.36 (KHTML, like Gecko) Chrome/139.0.0.0 Safari/537.36', '2025-08-31 06:25:10'),
(734, 1, 'User logged in', '::1', 'Mozilla/5.0 (Windows NT 10.0; Win64; x64) AppleWebKit/537.36 (KHTML, like Gecko) Chrome/139.0.0.0 Safari/537.36', '2025-08-31 06:25:19'),
(735, 1, 'Accessed dashboard', '::1', 'Mozilla/5.0 (Windows NT 10.0; Win64; x64) AppleWebKit/537.36 (KHTML, like Gecko) Chrome/139.0.0.0 Safari/537.36', '2025-08-31 06:25:19'),
(736, 1, 'User logged out', '::1', 'Mozilla/5.0 (Windows NT 10.0; Win64; x64) AppleWebKit/537.36 (KHTML, like Gecko) Chrome/139.0.0.0 Safari/537.36', '2025-08-31 08:54:16'),
(737, 1, 'User logged in', '::1', 'Mozilla/5.0 (Windows NT 10.0; Win64; x64) AppleWebKit/537.36 (KHTML, like Gecko) Chrome/139.0.0.0 Safari/537.36', '2025-08-31 08:54:43'),
(738, 1, 'Accessed dashboard', '::1', 'Mozilla/5.0 (Windows NT 10.0; Win64; x64) AppleWebKit/537.36 (KHTML, like Gecko) Chrome/139.0.0.0 Safari/537.36', '2025-08-31 08:54:43'),
(739, 1, 'User logged out', '::1', 'Mozilla/5.0 (Windows NT 10.0; Win64; x64) AppleWebKit/537.36 (KHTML, like Gecko) Chrome/139.0.0.0 Safari/537.36', '2025-08-31 11:12:52'),
(740, 1, 'User logged in', '::1', 'Mozilla/5.0 (Windows NT 10.0; Win64; x64) AppleWebKit/537.36 (KHTML, like Gecko) Chrome/139.0.0.0 Safari/537.36', '2025-08-31 11:13:01'),
(741, 1, 'Accessed dashboard', '::1', 'Mozilla/5.0 (Windows NT 10.0; Win64; x64) AppleWebKit/537.36 (KHTML, like Gecko) Chrome/139.0.0.0 Safari/537.36', '2025-08-31 11:13:01'),
(742, 1, 'User logged out', '::1', 'Mozilla/5.0 (Windows NT 10.0; Win64; x64) AppleWebKit/537.36 (KHTML, like Gecko) Chrome/139.0.0.0 Safari/537.36', '2025-08-31 13:21:08'),
(743, 1, 'User logged in', '::1', 'Mozilla/5.0 (Windows NT 10.0; Win64; x64) AppleWebKit/537.36 (KHTML, like Gecko) Chrome/139.0.0.0 Safari/537.36', '2025-08-31 13:21:19'),
(744, 1, 'Accessed dashboard', '::1', 'Mozilla/5.0 (Windows NT 10.0; Win64; x64) AppleWebKit/537.36 (KHTML, like Gecko) Chrome/139.0.0.0 Safari/537.36', '2025-08-31 13:21:19'),
(745, 1, 'Created new Student: BCC2530', '::1', 'Mozilla/5.0 (Windows NT 10.0; Win64; x64) AppleWebKit/537.36 (KHTML, like Gecko) Chrome/139.0.0.0 Safari/537.36', '2025-08-31 13:30:12'),
(746, 1, 'Accessed dashboard', '::1', 'Mozilla/5.0 (Windows NT 10.0; Win64; x64) AppleWebKit/537.36 (KHTML, like Gecko) Chrome/139.0.0.0 Safari/537.36', '2025-08-31 13:30:14');

-- --------------------------------------------------------

--
-- Table structure for table `courses`
--

CREATE TABLE `courses` (
  `id` int(11) NOT NULL,
  `name` varchar(100) NOT NULL,
  `fee` decimal(10,2) NOT NULL
) ENGINE=InnoDB DEFAULT CHARSET=utf8mb4 COLLATE=utf8mb4_general_ci;

--
-- Dumping data for table `courses`
--

INSERT INTO `courses` (`id`, `name`, `fee`) VALUES
(7, 'Computer Basic', 4500.00),
(8, 'Tally Accounts', 5500.00),
(9, 'Internet', 1000.00);

-- --------------------------------------------------------

--
-- Table structure for table `enrollments`
--

CREATE TABLE `enrollments` (
  `id` int(11) NOT NULL,
  `student_id` int(11) NOT NULL,
  `course_id` int(11) NOT NULL,
  `enrollment_date` date DEFAULT NULL,
  `status` enum('active','completed','cancelled') DEFAULT 'active',
  `created_at` timestamp NOT NULL DEFAULT current_timestamp()
) ENGINE=InnoDB DEFAULT CHARSET=utf8mb4 COLLATE=utf8mb4_general_ci;

-- --------------------------------------------------------

--
-- Table structure for table `fee_payments`
--

CREATE TABLE `fee_payments` (
  `id` int(11) NOT NULL,
  `student_id` int(11) NOT NULL,
  `receipt_no` varchar(50) NOT NULL,
  `amount` decimal(10,2) NOT NULL,
  `discount` decimal(10,2) DEFAULT 0.00,
  `paid_on` datetime DEFAULT current_timestamp(),
  `remarks` varchar(255) DEFAULT NULL,
  `is_cancelled` tinyint(1) DEFAULT 0
) ENGINE=InnoDB DEFAULT CHARSET=utf8mb4 COLLATE=utf8mb4_general_ci;

--
-- Dumping data for table `fee_payments`
--

INSERT INTO `fee_payments` (`id`, `student_id`, `receipt_no`, `amount`, `discount`, `paid_on`, `remarks`, `is_cancelled`) VALUES
(34, 18, 'BCC-1', 800.00, 150.00, '2025-08-30 23:14:47', 'Discount by bharat', 0),
(49, 27, 'BCC-6', 1.00, 0.00, '2025-08-31 14:21:41', '', 0),
(50, 27, 'BCC-7', 66.00, 0.00, '2025-08-31 14:22:31', '', 0),
(52, 25, 'BCC-9', 33.00, 0.00, '2025-08-31 14:30:53', '', 0),
(53, 25, 'BCC-10', 40.00, 0.00, '2025-08-31 14:39:10', '', 0),
(54, 22, 'BCC-10', 4000.00, 0.00, '2025-08-31 15:26:56', '', 0),
(55, 22, 'BCC-10', 1500.00, 0.00, '2025-08-31 15:27:03', '', 0),
(56, 29, 'BCC-10', 4500.00, 0.00, '2025-08-31 15:33:34', 'Computer Basic', 0);

-- --------------------------------------------------------

--
-- Table structure for table `fee_receipts`
--

CREATE TABLE `fee_receipts` (
  `id` int(11) NOT NULL,
  `user_id` int(11) NOT NULL,
  `receipt_no` varchar(50) NOT NULL,
  `amount_paid` decimal(10,2) NOT NULL,
  `balance` decimal(10,2) NOT NULL,
  `paid_on` datetime DEFAULT current_timestamp()
) ENGINE=InnoDB DEFAULT CHARSET=utf8mb4 COLLATE=utf8mb4_general_ci;

--
-- Dumping data for table `fee_receipts`
--

INSERT INTO `fee_receipts` (`id`, `user_id`, `receipt_no`, `amount_paid`, `balance`, `paid_on`) VALUES
(1, 20, 'REC-20257767', 500.00, 500.00, '2025-08-30 21:06:07');

-- --------------------------------------------------------

--
-- Table structure for table `login_attempts`
--

CREATE TABLE `login_attempts` (
  `id` int(11) NOT NULL,
  `username` varchar(50) NOT NULL,
  `attempt_time` timestamp NOT NULL DEFAULT current_timestamp(),
  `ip_address` varchar(45) NOT NULL
) ENGINE=InnoDB DEFAULT CHARSET=utf8mb4 COLLATE=utf8mb4_general_ci;

--
-- Dumping data for table `login_attempts`
--

INSERT INTO `login_attempts` (`id`, `username`, `attempt_time`, `ip_address`) VALUES
(1, 'superadmin', '2025-08-25 17:43:03', '::1'),
(2, 'superadmin', '2025-08-25 17:43:36', '::1'),
(3, 'superadmin', '2025-08-25 17:44:37', '::1'),
(4, 'superadmin', '2025-08-25 17:46:12', '::1'),
(5, 'superadmin', '2025-08-25 17:46:26', '::1'),
(6, 'admin', '2025-08-26 04:15:50', '::1'),
(7, 'superadmin', '2025-08-26 11:09:07', '::1'),
(8, 'superadmin', '2025-08-26 11:09:16', '::1'),
(9, 'superadmin', '2025-08-26 11:09:25', '::1'),
(10, 'superadmin', '2025-08-27 08:28:54', '::1'),
(11, 'superadmin', '2025-08-27 08:29:10', '::1'),
(12, 'superadmin', '2025-08-27 08:29:21', '::1'),
(13, 'superadmin', '2025-08-27 18:09:43', '::1'),
(14, 'superadmin', '2025-08-28 12:04:59', '::1'),
(15, 'superadmin', '2025-08-29 05:33:57', '::1'),
(16, 'BCC202502@gmail.com', '2025-08-29 05:41:52', '::1'),
(17, 'BCC202502', '2025-08-29 05:42:28', '::1'),
(18, 'BCC202502', '2025-08-29 05:48:06', '::1'),
(19, 'BCC202502', '2025-08-29 05:49:08', '::1'),
(20, 'BCC202504', '2025-08-29 14:09:24', '::1'),
(21, 'superadmin', '2025-08-30 13:32:25', '::1');

-- --------------------------------------------------------

--
-- Table structure for table `rooms`
--

CREATE TABLE `rooms` (
  `id` int(11) NOT NULL,
  `name` varchar(50) NOT NULL,
  `capacity` int(11) DEFAULT NULL,
  `location` varchar(100) DEFAULT NULL
) ENGINE=InnoDB DEFAULT CHARSET=utf8mb4 COLLATE=utf8mb4_general_ci;

-- --------------------------------------------------------

--
-- Table structure for table `schedules`
--

CREATE TABLE `schedules` (
  `id` int(11) NOT NULL,
  `course_id` int(11) NOT NULL,
  `room_id` int(11) NOT NULL,
  `class_date` date DEFAULT NULL,
  `start_time` time DEFAULT NULL,
  `end_time` time DEFAULT NULL,
  `created_at` timestamp NOT NULL DEFAULT current_timestamp()
) ENGINE=InnoDB DEFAULT CHARSET=utf8mb4 COLLATE=utf8mb4_general_ci;

-- --------------------------------------------------------

--
-- Table structure for table `students`
--

CREATE TABLE `students` (
  `id` int(11) NOT NULL,
  `user_id` int(11) NOT NULL,
  `admission_date` date NOT NULL,
  `session` varchar(20) NOT NULL,
  `fathers_name` varchar(100) DEFAULT NULL,
  `mothers_name` varchar(100) DEFAULT NULL,
  `dob` date DEFAULT NULL,
  `course` varchar(100) NOT NULL,
  `fee_per_month` decimal(10,2) NOT NULL,
  `batch_time` time DEFAULT NULL,
  `phone` varchar(20) DEFAULT NULL,
  `address` text DEFAULT NULL,
  `cor_address` text DEFAULT NULL,
  `occupation` varchar(100) DEFAULT NULL,
  `qualification` varchar(100) DEFAULT NULL,
  `hobbies` text DEFAULT NULL,
  `category` varchar(50) DEFAULT NULL,
  `physically_handicapped` enum('Yes','No') DEFAULT 'No',
  `created_at` timestamp NOT NULL DEFAULT current_timestamp(),
  `updated_at` timestamp NOT NULL DEFAULT current_timestamp() ON UPDATE current_timestamp(),
  `photo` varchar(255) DEFAULT NULL
) ENGINE=InnoDB DEFAULT CHARSET=utf8mb4 COLLATE=utf8mb4_general_ci;

--
-- Dumping data for table `students`
--

INSERT INTO `students` (`id`, `user_id`, `admission_date`, `session`, `fathers_name`, `mothers_name`, `dob`, `course`, `fee_per_month`, `batch_time`, `phone`, `address`, `cor_address`, `occupation`, `qualification`, `hobbies`, `category`, `physically_handicapped`, `created_at`, `updated_at`, `photo`) VALUES
(15, 10, '2025-08-13', '2025-26', '25', '25', '2666-02-05', 'Computer Basic', 20.00, '14:25:00', '2255', '2', '2', '2', '2', '2', 'General', 'No', '2025-08-28 20:51:04', '2025-08-29 06:01:54', 'uploads/student_photos/1756414264_267.jpg'),
(16, 12, '2025-08-01', '2025-26', 'Rahul', 'Bhupinder', '2025-08-19', 'Tally afghhgj', 200.00, '04:35:00', '8950364489', 'Huda, Panipat', '', 'Student', '12', 'music', 'General', 'No', '2025-08-28 21:05:52', '2025-08-29 08:41:40', 'uploads/student_photos/1756415152_203.jpg'),
(17, 13, '2025-08-13', '2025-26', 'Jaswant Singh', 'Gurmeet Kaur', '2025-08-13', 'Computer Basic', 4500.00, '15:48:00', '8950364482', '287, Subash Nagar, Tehsil Town, Panipat', '', 'Student ', '10th ', 'Music', 'OBC', 'No', '2025-08-29 07:19:57', '2025-08-31 11:40:58', 'uploads/student_photos/1756451997_288.jpg'),
(18, 14, '2025-08-05', '2025', 'Jawant singh', 'Gurmeet Kaur', '2025-08-04', 'Internet', 1000.00, '12:58:00', '8950364489', 'Subash Nagar', '', '', '', '', 'General', 'Yes', '2025-08-29 07:24:59', '2025-08-30 17:25:16', 'uploads/student_photos/1756452299_203.jpg'),
(22, 11, '2025-08-06', '2025-26', 'Kuldeep Singh', 'Ravinder Kaur', '2025-12-05', 'Tally Accounts+Computer Basic', 10000.00, '03:22:00', '8950364489', 'Panipat', 'Panipat', 'Student', '10', 'Music', 'General', 'No', '2025-08-29 07:34:35', '2025-08-31 13:28:15', 'uploads/student_photos/1756452875_291.jpg'),
(24, 15, '2025-08-28', '2025-25', 'Rajesh', 'Seema', '2025-08-12', 'Tally', 5500.00, '05:12:00', '9625664489', '285, Subash Nagar, Tehsil Town, Panipat', '285, Subash Nagar, Tehsil Town, Panipat', 'Student', '12th', 'Music', 'General', 'No', '2025-08-29 07:40:05', '2025-08-29 13:53:04', 'uploads/student_photos/1756453205_192 (1).jpg'),
(25, 16, '2025-08-22', 'General', 'Hanjraj Khurana', 'Seema Khurana', '2025-08-14', 'Computer Basic', 2000.00, '01:00:00', '8950778526', 'Panipat', 'Same', 'Teacher', '10', 'Music', 'General', 'No', '2025-08-29 08:28:44', '2025-08-29 08:28:44', 'uploads/student_photos/1756456124_283.jpg'),
(26, 17, '2025-08-14', '2025-26', 'Rahul', 'Seema', '2022-02-05', 'Tally', 2000.00, '21:52:00', '8950465255', 'Panipat', '', 'Student', '10', 'Music', 'OBC', 'Yes', '2025-08-29 12:19:06', '2025-08-29 12:19:06', 'uploads/student_photos/1756469946_98.2_Nikhil.jpg'),
(27, 20, '2025-08-15', '2025-26', 'Jaswant Singh', 'Gurmeet Kaur', '4444-12-31', 'Internet', 1000.00, '12:23:00', '8950364489', 'H.No-88, Ram Nagar, Tehsil Town, Panipat', 'H.No-88, Ram Nagar, Tehsil Town, Panipat', 'Private Job', '12', 'Reading books', 'OBC', 'No', '2025-08-29 18:35:59', '2025-08-29 18:35:59', 'uploads/student_photos/1756492559_3.jpg'),
(28, 22, '2025-08-28', '2025', 'Somnath ', 'SOMA RANI', '1985-02-08', 'Tally', 5500.00, '10:58:00', '9896499855', '285, Ram Nagar, Tehsil Camp, panipat', '285, Ram Nagar, Tehsil Camp, panipat', 'SELF EMPLOYEE', 'BIM', 'MUSIC', 'General', 'No', '2025-08-30 13:27:40', '2025-08-30 13:27:40', 'uploads/student_photos/1756560460_5.png'),
(29, 23, '2025-08-01', '2025', 'a', 'a', '2025-08-13', 'Computer Basi', 10000.00, '19:03:00', 'a', '', '', '', '', '', 'SC', 'No', '2025-08-31 13:31:48', '2025-08-31 13:36:37', 'uploads/student_photos/1756647108_JEE MAINS.png');

-- --------------------------------------------------------

--
-- Table structure for table `student_files`
--

CREATE TABLE `student_files` (
  `id` int(11) NOT NULL,
  `user_id` int(11) NOT NULL,
  `original_name` varchar(255) NOT NULL,
  `doc_title` varchar(255) DEFAULT NULL,
  `stored_path` varchar(255) NOT NULL,
  `mime_type` varchar(120) NOT NULL,
  `size_bytes` int(10) UNSIGNED NOT NULL,
  `uploaded_by` int(11) NOT NULL,
  `uploaded_at` timestamp NOT NULL DEFAULT current_timestamp()
) ENGINE=InnoDB DEFAULT CHARSET=utf8mb4 COLLATE=utf8mb4_general_ci;

--
-- Dumping data for table `student_files`
--

INSERT INTO `student_files` (`id`, `user_id`, `original_name`, `doc_title`, `stored_path`, `mime_type`, `size_bytes`, `uploaded_by`, `uploaded_at`) VALUES
(5, 12, '83c6661361d908653b3d5687b9a4892b.jpg', NULL, 'uploads/student_docs/12/1756487729_c994c71b_83c6661361d908653b3d5687b9a4892b.jpg', 'image/jpeg', 60116, 0, '2025-08-29 17:15:29'),
(6, 12, '83c6661361d908653b3d5687b9a4892b.jpg', NULL, 'uploads/student_docs/12/1756487733_32afffc5_83c6661361d908653b3d5687b9a4892b.jpg', 'image/jpeg', 60116, 0, '2025-08-29 17:15:33'),
(8, 16, '4.jpg', NULL, 'uploads/student_docs/16/1756488054_4840c6c5_4.jpg', 'image/jpeg', 263607, 0, '2025-08-29 17:20:54'),
(11, 13, 'Casa Textilies.html', 'Basic of Computer', 'uploads/student_docs/1756489765_Casa Textilies.html', 'text/html', 56057, 0, '2025-08-29 17:49:25'),
(14, 13, 'yash.pdf', 'Tally Accounts', 'uploads/student_docs/1756489943_yash.pdf', 'application/pdf', 524181, 0, '2025-08-29 17:52:23'),
(15, 20, '4.jpg', 'Tally Accounts', 'uploads/student_docs/1756492649_4.jpg', 'image/jpeg', 263607, 0, '2025-08-29 18:37:29'),
(17, 15, '21bedc0edcc0a17b5e0c81d08af79bdb.jpg', 'TC', 'uploads/student_docs/1756525756_21bedc0edcc0a17b5e0c81d08af79bdb.jpg', 'image/jpeg', 98429, 0, '2025-08-30 03:49:16'),
(20, 22, 'Admission Form  Bharat Mehta.pdf', 'Tally Account', 'uploads/student_docs/1756560608_Admission Form  Bharat Mehta.pdf', 'application/pdf', 430980, 0, '2025-08-30 13:30:08'),
(21, 22, '21bedc0edcc0a17b5e0c81d08af79bdb.jpg', '21bedc0edcc0a17b5e0c81d08af79bdb.jpg', 'uploads/student_docs/1756560625_21bedc0edcc0a17b5e0c81d08af79bdb.jpg', 'image/jpeg', 98429, 0, '2025-08-30 13:30:25');

-- --------------------------------------------------------

--
-- Table structure for table `users`
--

CREATE TABLE `users` (
  `id` int(11) NOT NULL,
  `username` varchar(50) NOT NULL,
  `password` varchar(255) NOT NULL,
  `email` varchar(100) NOT NULL,
  `fullname` varchar(100) NOT NULL,
  `photo` varchar(255) DEFAULT NULL,
  `role` tinyint(4) NOT NULL DEFAULT 3 COMMENT '1=Super Admin, 2=Admin, 3=Student',
  `is_active` tinyint(1) DEFAULT 1,
  `created_by` int(11) DEFAULT NULL,
  `created_at` timestamp NOT NULL DEFAULT current_timestamp(),
  `last_login` timestamp NULL DEFAULT NULL
) ENGINE=InnoDB DEFAULT CHARSET=utf8mb4 COLLATE=utf8mb4_general_ci;

--
-- Dumping data for table `users`
--

INSERT INTO `users` (`id`, `username`, `password`, `email`, `fullname`, `photo`, `role`, `is_active`, `created_by`, `created_at`, `last_login`) VALUES
(1, 'superadmin', '$2y$10$2qc/q3lr3ZaL88BSIPQjkOdbwM1ERDjl175tNW4gQhbGrLia8e98i', '', '', '68b0a249c68ac_203.jpg', 1, 1, NULL, '2025-08-25 17:39:15', '2025-08-31 13:21:19'),
(10, 'BCC2507', '$2y$10$rHuKN7K4E6JXX5SQiGxG2u57wNP4jA3DU7dYZUtay0pkXK1x2CdT.', 'bhupindersinghsaggu40@gmail.com', 'Sumit', 'uploads/users/1756415416_au-small-bank.jpg', 3, 1, 1, '2025-08-28 20:31:06', NULL),
(11, 'BCC2503', '$2y$10$7dclp23OkUTRwXwFmuSz9.qj0GjBNC3rjCgVvENd2Kv/yx89wPX9y', 'sharmakarishma244@gmail.com', 'simmi Oshan', NULL, 3, 1, 1, '2025-08-28 20:42:58', NULL),
(12, 'BCC2501', '$2y$10$H2Jc0GqbGFWWlExWqE/WFOjmFeYDYUSnAP86zLT7Z8ix6gqZWjElq', 'sharmakarishma244@gmail.com', 'bhupinder', NULL, 3, 1, 1, '2025-08-28 20:44:03', NULL),
(13, 'BCC2505', '$2y$10$1Qh0sx1qfwltEyygZlRE8u0D1amxmkc5W/PDpKzzadSHeiyszTrd2', 'bcc@gmail.com', 'Simran', NULL, 3, 1, 1, '2025-08-28 21:04:22', '2025-08-30 10:37:26'),
(14, 'BCC2506', '$2y$10$Q/m7HBIUfwear.Z9N7RTl.OPvX8rVEic6/nKtFM/eScXMihxvrtCG', 'BCC202502@gmail.com', 'Gulshan', NULL, 3, 1, 1, '2025-08-29 04:39:10', '2025-08-29 05:49:17'),
(15, 'BCC2504', '$2y$10$YOg27wXEEzDgDNPaZN7OFOu00q4Fu47b7lqZ52oI0v8YMOwpoI2UO', 'swati@gmail.com', 'Swati Sharma', NULL, 3, 1, 1, '2025-08-29 07:37:39', '2025-08-30 03:49:31'),
(16, 'BCC2502', '$2y$10$jmz6pY/WADAdS3RAHn4MXe4y294dSyXJUx9VvPVyOmPgoc2chj7BC', 'sakshikhurana40@gmail.com', 'Sakshi Khurana', NULL, 3, 1, 1, '2025-08-29 08:26:42', NULL),
(17, 'BCC202508', '$2y$10$RruXOoCMNZZ9hTUe5V3gkeF29cpIwn6Hf.m7u.92/4A7hEhCvwd/W', 'rishi@gmail.com', 'Rishi Kumar', NULL, 3, 1, 1, '2025-08-29 12:15:55', NULL),
(18, 'BCC2511', '$2y$10$R3J/fof7Mbz1/pxx5shx7u1w2tgwY3BF4xBBV6zV2mh0Dt92NIPe6', 'kawalpreet@gmail.com', 'Kawal preet', NULL, 2, 1, 1, '2025-08-29 12:24:34', NULL),
(19, 'BCC2512', '$2y$10$QrMJpr3JArF1WgaBsm7jYOaRYDaTmSat/KFUlhBVV4zqxo6USS3NC', 'Shweta@gmail.com', 'Shweta', NULL, 3, 1, 1, '2025-08-29 12:46:21', NULL),
(20, '2025012', '$2y$10$TIV0rZo55QeZ9iCLzQqUxOxexwVfEf36Ck2ApZxogu8UQ9Vei7es6', 'sonu@gmaill.com', 'sonu', NULL, 3, 1, 1, '2025-08-29 18:33:38', '2025-08-29 18:38:34'),
(21, '202513', '$2y$10$R1R6qE3mY77Le8qgKgGYKuif4GlHkaRGb0jzKtjiJrHLR9GVgLpmm', 'Kunal2025@gmail.com', 'Kunal Nagwal', NULL, 3, 1, 1, '2025-08-30 09:55:22', NULL),
(22, 'BCC25013', '$2y$10$4EBel4j4kMFcQqxtnXfY3eNGm7LigzPsp/R/aV2iRbxTJzWO1izM.', 'ABC@GMAIL.COM', 'Bharat Mehta', NULL, 3, 1, 1, '2025-08-30 13:23:20', '2025-08-30 13:31:13'),
(23, 'BCC2530', '$2y$10$RS27MiJvyuV5bTgxj8i2YORwFEFvCrDhuwQOMd4iOozvWXzE9rJcK', 'A@GMAIL.COM', 'Test', NULL, 3, 1, 1, '2025-08-31 13:30:12', NULL);

--
-- Indexes for dumped tables
--

--
-- Indexes for table `activity_log`
--
ALTER TABLE `activity_log`
  ADD PRIMARY KEY (`id`),
  ADD KEY `idx_user_id` (`user_id`),
  ADD KEY `idx_created_at` (`created_at`);

--
-- Indexes for table `courses`
--
ALTER TABLE `courses`
  ADD PRIMARY KEY (`id`);

--
-- Indexes for table `enrollments`
--
ALTER TABLE `enrollments`
  ADD PRIMARY KEY (`id`),
  ADD KEY `student_id` (`student_id`),
  ADD KEY `course_id` (`course_id`);

--
-- Indexes for table `fee_payments`
--
ALTER TABLE `fee_payments`
  ADD PRIMARY KEY (`id`),
  ADD KEY `student_id` (`student_id`);

--
-- Indexes for table `fee_receipts`
--
ALTER TABLE `fee_receipts`
  ADD PRIMARY KEY (`id`),
  ADD UNIQUE KEY `receipt_no` (`receipt_no`),
  ADD KEY `user_id` (`user_id`);

--
-- Indexes for table `login_attempts`
--
ALTER TABLE `login_attempts`
  ADD PRIMARY KEY (`id`),
  ADD KEY `idx_username` (`username`),
  ADD KEY `idx_time` (`attempt_time`);

--
-- Indexes for table `rooms`
--
ALTER TABLE `rooms`
  ADD PRIMARY KEY (`id`);

--
-- Indexes for table `schedules`
--
ALTER TABLE `schedules`
  ADD PRIMARY KEY (`id`),
  ADD KEY `course_id` (`course_id`),
  ADD KEY `room_id` (`room_id`);

--
-- Indexes for table `students`
--
ALTER TABLE `students`
  ADD PRIMARY KEY (`id`),
  ADD UNIQUE KEY `unique_user_student` (`user_id`);

--
-- Indexes for table `student_files`
--
ALTER TABLE `student_files`
  ADD PRIMARY KEY (`id`),
  ADD KEY `user_id` (`user_id`);

--
-- Indexes for table `users`
--
ALTER TABLE `users`
  ADD PRIMARY KEY (`id`),
  ADD UNIQUE KEY `username` (`username`),
  ADD KEY `idx_username` (`username`),
  ADD KEY `idx_role` (`role`),
  ADD KEY `created_by` (`created_by`);

--
-- AUTO_INCREMENT for dumped tables
--

--
-- AUTO_INCREMENT for table `activity_log`
--
ALTER TABLE `activity_log`
  MODIFY `id` int(11) NOT NULL AUTO_INCREMENT, AUTO_INCREMENT=747;

--
-- AUTO_INCREMENT for table `courses`
--
ALTER TABLE `courses`
  MODIFY `id` int(11) NOT NULL AUTO_INCREMENT, AUTO_INCREMENT=10;

--
-- AUTO_INCREMENT for table `enrollments`
--
ALTER TABLE `enrollments`
  MODIFY `id` int(11) NOT NULL AUTO_INCREMENT;

--
-- AUTO_INCREMENT for table `fee_payments`
--
ALTER TABLE `fee_payments`
  MODIFY `id` int(11) NOT NULL AUTO_INCREMENT, AUTO_INCREMENT=57;

--
-- AUTO_INCREMENT for table `fee_receipts`
--
ALTER TABLE `fee_receipts`
  MODIFY `id` int(11) NOT NULL AUTO_INCREMENT, AUTO_INCREMENT=2;

--
-- AUTO_INCREMENT for table `login_attempts`
--
ALTER TABLE `login_attempts`
  MODIFY `id` int(11) NOT NULL AUTO_INCREMENT, AUTO_INCREMENT=22;

--
-- AUTO_INCREMENT for table `rooms`
--
ALTER TABLE `rooms`
  MODIFY `id` int(11) NOT NULL AUTO_INCREMENT;

--
-- AUTO_INCREMENT for table `schedules`
--
ALTER TABLE `schedules`
  MODIFY `id` int(11) NOT NULL AUTO_INCREMENT;

--
-- AUTO_INCREMENT for table `students`
--
ALTER TABLE `students`
  MODIFY `id` int(11) NOT NULL AUTO_INCREMENT, AUTO_INCREMENT=30;

--
-- AUTO_INCREMENT for table `student_files`
--
ALTER TABLE `student_files`
  MODIFY `id` int(11) NOT NULL AUTO_INCREMENT, AUTO_INCREMENT=22;

--
-- AUTO_INCREMENT for table `users`
--
ALTER TABLE `users`
  MODIFY `id` int(11) NOT NULL AUTO_INCREMENT, AUTO_INCREMENT=24;

--
-- Constraints for dumped tables
--

--
-- Constraints for table `activity_log`
--
ALTER TABLE `activity_log`
  ADD CONSTRAINT `activity_log_ibfk_1` FOREIGN KEY (`user_id`) REFERENCES `users` (`id`) ON DELETE CASCADE;

--
-- Constraints for table `enrollments`
--
ALTER TABLE `enrollments`
  ADD CONSTRAINT `enrollments_ibfk_1` FOREIGN KEY (`student_id`) REFERENCES `users` (`id`) ON DELETE CASCADE,
  ADD CONSTRAINT `enrollments_ibfk_2` FOREIGN KEY (`course_id`) REFERENCES `courses` (`id`) ON DELETE CASCADE;

--
-- Constraints for table `fee_payments`
--
ALTER TABLE `fee_payments`
  ADD CONSTRAINT `fee_payments_ibfk_1` FOREIGN KEY (`student_id`) REFERENCES `students` (`id`) ON DELETE CASCADE;

--
-- Constraints for table `fee_receipts`
--
ALTER TABLE `fee_receipts`
  ADD CONSTRAINT `fee_receipts_ibfk_1` FOREIGN KEY (`user_id`) REFERENCES `users` (`id`) ON DELETE CASCADE;

--
-- Constraints for table `schedules`
--
ALTER TABLE `schedules`
  ADD CONSTRAINT `schedules_ibfk_1` FOREIGN KEY (`course_id`) REFERENCES `courses` (`id`) ON DELETE CASCADE,
  ADD CONSTRAINT `schedules_ibfk_2` FOREIGN KEY (`room_id`) REFERENCES `rooms` (`id`) ON DELETE CASCADE;

--
-- Constraints for table `students`
--
ALTER TABLE `students`
  ADD CONSTRAINT `students_ibfk_1` FOREIGN KEY (`user_id`) REFERENCES `users` (`id`) ON DELETE CASCADE;

--
-- Constraints for table `student_files`
--
ALTER TABLE `student_files`
  ADD CONSTRAINT `fk_student_files_user` FOREIGN KEY (`user_id`) REFERENCES `users` (`id`) ON DELETE CASCADE;

--
-- Constraints for table `users`
--
ALTER TABLE `users`
  ADD CONSTRAINT `users_ibfk_1` FOREIGN KEY (`created_by`) REFERENCES `users` (`id`) ON DELETE SET NULL;
COMMIT;

/*!40101 SET CHARACTER_SET_CLIENT=@OLD_CHARACTER_SET_CLIENT */;
/*!40101 SET CHARACTER_SET_RESULTS=@OLD_CHARACTER_SET_RESULTS */;
/*!40101 SET COLLATION_CONNECTION=@OLD_COLLATION_CONNECTION */;
